id_registro,marca,linha,id_produto_marca,nome_tom,subtom,categoria_tom_marca,codigo_hex,rgb_r,rgb_g,rgb_b,luminosidade_relativa,luminosidade_pct,grupo_luminosidade,peso_volume,unidade,cobertura,acabamento,textura,tipo_pele,vegano,cruelty_free,fps,ativo_destaque,tipo_hex,fonte_oficial,fonte_swatch,imagem_swatch_url,data_coleta,status_qualidade,observacao_metodologica,fase_coleta,versao_regua
1,O Boticário,Make B. Mate Salicylic,Base Líquida Mate Salicylic 30g,Cor 100,Não informado pela fonte consultada,Régua 24 tons,#BE9F8A,190,159,138,"0,6434","64,34",Claro,"30,00",g,Média,Matte,Líquida,Oleosa,Não informado pela fonte consultada,Sim,Não informado pela fonte consultada,Ácido salicílico,Amostral digital — cartela visual,https://www.boticario.com.br/base-liquida-cor-330-make-b-mate-salicylic-30g/,https://http2.mlstatic.com/D_NQ_NP_832018-MLU72536593794_102023-O.webp,https://http2.mlstatic.com/D_NQ_NP_832018-MLU72536593794_102023-O.webp,2026-08-10,Validado sem nulos; RGB/HEX derivados de swatch digital,Registro preservado da Fase 1. HEX é proxy visual digital.,Fase 1,Régua 24 tons
2,O Boticário,Make B. Mate Salicylic,Base Líquida Mate Salicylic 30g,Cor 110,Não informado pela fonte consultada,Régua 24 tons,#C19C82,193,156,130,"0,6353","63,53",Claro,"30,00",g,Média,Matte,Líquida,Oleosa,Não informado pela fonte consultada,Sim,Não informado pela fonte consultada,Ácido salicílico,Amostral digital — cartela visual,https://www.boticario.com.br/base-liquida-cor-330-make-b-mate-salicylic-30g/,https://http2.mlstatic.com/D_NQ_NP_832018-MLU72536593794_102023-O.webp,https://http2.mlstatic.com/D_NQ_NP_832018-MLU72536593794_102023-O.webp,2026-08-10,Validado sem nulos; RGB/HEX derivados de swatch digital,Registro preservado da Fase 1. HEX é proxy visual digital.,Fase 1,Régua 24 tons
3,O Boticário,Make B. Mate Salicylic,Base Líquida Mate Salicylic 30g,Cor 120,Não informado pela fonte consultada,Régua 24 tons,#BF9B81,191,155,129,"0,6305","63,05",Claro,"30,00",g,Média,Matte,Líquida,Oleosa,Não informado pela fonte consultada,Sim,Não informado pela fonte consultada,Ácido salicílico,Amostral digital — cartela visual,https://www.boticario.com.br/base-liquida-cor-330-make-b-mate-salicylic-30g/,https://http2.mlstatic.com/D_NQ_NP_832018-MLU72536593794_102023-O.webp,https://http2.mlstatic.com/D_NQ_NP_832018-MLU72536593794_102023-O.webp,2026-08-10,Validado sem nulos; RGB/HEX derivados de swatch digital,Registro preservado da Fase 1. HEX é proxy visual digital.,Fase 1,Régua 24 tons
4,O Boticário,Make B. Mate Salicylic,Base Líquida Mate Salicylic 30g,Cor 130,Não informado pela fonte consultada,Régua 24 tons,#C49B7E,196,155,126,"0,6338","63,38",Claro,"30,00",g,Média,Matte,Líquida,Oleosa,Não informado pela fonte consultada,Sim,Não informado pela fonte consultada,Ácido salicílico,Amostral digital — cartela visual,https://www.boticario.com.br/base-liquida-cor-330-make-b-mate-salicylic-30g/,https://http2.mlstatic.com/D_NQ_NP_832018-MLU72536593794_102023-O.webp,https://http2.mlstatic.com/D_NQ_NP_832018-MLU72536593794_102023-O.webp,2026-08-10,Validado sem nulos; RGB/HEX derivados de swatch digital,Registro preservado da Fase 1. HEX é proxy visual digital.,Fase 1,Régua 24 tons
5,O Boticário,Make B. Mate Salicylic,Base Líquida Mate Salicylic 30g,Cor 140,Não informado pela fonte consultada,Régua 24 tons,#BE987E,190,152,126,"0,6204","62,04",Médio,"30,00",g,Média,Matte,Líquida,Oleosa,Não informado pela fonte consultada,Sim,Não informado pela fonte consultada,Ácido salicílico,Amostral digital — cartela visual,https://www.boticario.com.br/base-liquida-cor-330-make-b-mate-salicylic-30g/,https://http2.mlstatic.com/D_NQ_NP_832018-MLU72536593794_102023-O.webp,https://http2.mlstatic.com/D_NQ_NP_832018-MLU72536593794_102023-O.webp,2026-08-10,Validado sem nulos; RGB/HEX derivados de swatch digital,Registro preservado da Fase 1. HEX é proxy visual digital.,Fase 1,Régua 24 tons
6,O Boticário,Make B. Mate Salicylic,Base Líquida Mate Salicylic 30g,Cor 150,Não informado pela fonte consultada,Régua 24 tons,#B38468,179,132,104,"0,5489","54,89",Médio,"30,00",g,Média,Matte,Líquida,Oleosa,Não informado pela fonte consultada,Sim,Não informado pela fonte consultada,Ácido salicílico,Amostral digital — cartela visual,https://www.boticario.com.br/base-liquida-cor-330-make-b-mate-salicylic-30g/,https://http2.mlstatic.com/D_NQ_NP_832018-MLU72536593794_102023-O.webp,https://http2.mlstatic.com/D_NQ_NP_832018-MLU72536593794_102023-O.webp,2026-08-10,Validado sem nulos; RGB/HEX derivados de swatch digital,Registro preservado da Fase 1. HEX é proxy visual digital.,Fase 1,Régua 24 tons
7,O Boticário,Make B. Mate Salicylic,Base Líquida Mate Salicylic 30g,Cor 160,Não informado pela fonte consultada,Régua 24 tons,#B89175,184,145,117,"0,5932","59,32",Médio,"30,00",g,Média,Matte,Líquida,Oleosa,Não informado pela fonte consultada,Sim,Não informado pela fonte consultada,Ácido salicílico,Amostral digital — cartela visual,https://www.boticario.com.br/base-liquida-cor-330-make-b-mate-salicylic-30g/,https://http2.mlstatic.com/D_NQ_NP_832018-MLU72536593794_102023-O.webp,https://http2.mlstatic.com/D_NQ_NP_832018-MLU72536593794_102023-O.webp,2026-08-10,Validado sem nulos; RGB/HEX derivados de swatch digital,Registro preservado da Fase 1. HEX é proxy visual digital.,Fase 1,Régua 24 tons
8,O Boticário,Make B. Mate Salicylic,Base Líquida Mate Salicylic 30g,Cor 170,Não informado pela fonte consultada,Régua 24 tons,#C59873,197,152,115,"0,6231","62,31",Médio,"30,00",g,Média,Matte,Líquida,Oleosa,Não informado pela fonte consultada,Sim,Não informado pela fonte consultada,Ácido salicílico,Amostral digital — cartela visual,https://www.boticario.com.br/base-liquida-cor-330-make-b-mate-salicylic-30g/,https://http2.mlstatic.com/D_NQ_NP_832018-MLU72536593794_102023-O.webp,https://http2.mlstatic.com/D_NQ_NP_832018-MLU72536593794_102023-O.webp,2026-08-10,Validado sem nulos; RGB/HEX derivados de swatch digital,Registro preservado da Fase 1. HEX é proxy visual digital.,Fase 1,Régua 24 tons
9,O Boticário,Make B. Mate Salicylic,Base Líquida Mate Salicylic 30g,Cor 180,Não informado pela fonte consultada,Régua 24 tons,#B38263,179,130,99,"0,5419","54,19",Médio,"30,00",g,Média,Matte,Líquida,Oleosa,Não informado pela fonte consultada,Sim,Não informado pela fonte consultada,Ácido salicílico,Amostral digital — cartela visual,https://www.boticario.com.br/base-liquida-cor-330-make-b-mate-salicylic-30g/,https://http2.mlstatic.com/D_NQ_NP_832018-MLU72536593794_102023-O.webp,https://http2.mlstatic.com/D_NQ_NP_832018-MLU72536593794_102023-O.webp,2026-08-10,Validado sem nulos; RGB/HEX derivados de swatch digital,Registro preservado da Fase 1. HEX é proxy visual digital.,Fase 1,Régua 24 tons
10,O Boticário,Make B. Mate Salicylic,Base Líquida Mate Salicylic 30g,Cor 190,Não informado pela fonte consultada,Régua 24 tons,#AD8165,173,129,101,"0,5346","53,46",Médio,"30,00",g,Média,Matte,Líquida,Oleosa,Não informado pela fonte consultada,Sim,Não informado pela fonte consultada,Ácido salicílico,Amostral digital — cartela visual,https://www.boticario.com.br/base-liquida-cor-330-make-b-mate-salicylic-30g/,https://http2.mlstatic.com/D_NQ_NP_832018-MLU72536593794_102023-O.webp,https://http2.mlstatic.com/D_NQ_NP_832018-MLU72536593794_102023-O.webp,2026-08-10,Validado sem nulos; RGB/HEX derivados de swatch digital,Registro preservado da Fase 1. HEX é proxy visual digital.,Fase 1,Régua 24 tons
11,O Boticário,Make B. Mate Salicylic,Base Líquida Mate Salicylic 30g,Cor 200,Não informado pela fonte consultada,Régua 24 tons,#A88164,168,129,100,"0,5302","53,02",Médio,"30,00",g,Média,Matte,Líquida,Oleosa,Não informado pela fonte consultada,Sim,Não informado pela fonte consultada,Ácido salicílico,Amostral digital — cartela visual,https://www.boticario.com.br/base-liquida-cor-330-make-b-mate-salicylic-30g/,https://http2.mlstatic.com/D_NQ_NP_832018-MLU72536593794_102023-O.webp,https://http2.mlstatic.com/D_NQ_NP_832018-MLU72536593794_102023-O.webp,2026-08-10,Validado sem nulos; RGB/HEX derivados de swatch digital,Registro preservado da Fase 1. HEX é proxy visual digital.,Fase 1,Régua 24 tons
12,O Boticário,Make B. Mate Salicylic,Base Líquida Mate Salicylic 30g,Cor 210,Não informado pela fonte consultada,Régua 24 tons,#AD7E5C,173,126,92,"0,5237","52,37",Escuro,"30,00",g,Média,Matte,Líquida,Oleosa,Não informado pela fonte consultada,Sim,Não informado pela fonte consultada,Ácido salicílico,Amostral digital — cartela visual,https://www.boticario.com.br/base-liquida-cor-330-make-b-mate-salicylic-30g/,https://http2.mlstatic.com/D_NQ_NP_832018-MLU72536593794_102023-O.webp,https://http2.mlstatic.com/D_NQ_NP_832018-MLU72536593794_102023-O.webp,2026-08-10,Validado sem nulos; RGB/HEX derivados de swatch digital,Registro preservado da Fase 1. HEX é proxy visual digital.,Fase 1,Régua 24 tons
13,O Boticário,Make B. Mate Salicylic,Base Líquida Mate Salicylic 30g,Cor 220,Não informado pela fonte consultada,Régua 24 tons,#A17559,161,117,89,"0,4876","48,76",Escuro,"30,00",g,Média,Matte,Líquida,Oleosa,Não informado pela fonte consultada,Sim,Não informado pela fonte consultada,Ácido salicílico,Amostral digital — cartela visual,https://www.boticario.com.br/base-liquida-cor-330-make-b-mate-salicylic-30g/,https://http2.mlstatic.com/D_NQ_NP_832018-MLU72536593794_102023-O.webp,https://http2.mlstatic.com/D_NQ_NP_832018-MLU72536593794_102023-O.webp,2026-08-10,Validado sem nulos; RGB/HEX derivados de swatch digital,Registro preservado da Fase 1. HEX é proxy visual digital.,Fase 1,Régua 24 tons
14,O Boticário,Make B. Mate Salicylic,Base Líquida Mate Salicylic 30g,Cor 230,Não informado pela fonte consultada,Régua 24 tons,#AA7654,170,118,84,"0,4965","49,65",Escuro,"30,00",g,Média,Matte,Líquida,Oleosa,Não informado pela fonte consultada,Sim,Não informado pela fonte consultada,Ácido salicílico,Amostral digital — cartela visual,https://www.boticario.com.br/base-liquida-cor-330-make-b-mate-salicylic-30g/,https://http2.mlstatic.com/D_NQ_NP_832018-MLU72536593794_102023-O.webp,https://http2.mlstatic.com/D_NQ_NP_832018-MLU72536593794_102023-O.webp,2026-08-10,Validado sem nulos; RGB/HEX derivados de swatch digital,Registro preservado da Fase 1. HEX é proxy visual digital.,Fase 1,Régua 24 tons
15,O Boticário,Make B. Mate Salicylic,Base Líquida Mate Salicylic 30g,Cor 240,Não informado pela fonte consultada,Régua 24 tons,#986547,152,101,71,"0,4301","43,01",Escuro,"30,00",g,Média,Matte,Líquida,Oleosa,Não informado pela fonte consultada,Sim,Não informado pela fonte consultada,Ácido salicílico,Amostral digital — cartela visual,https://www.boticario.com.br/base-liquida-cor-330-make-b-mate-salicylic-30g/,https://http2.mlstatic.com/D_NQ_NP_832018-MLU72536593794_102023-O.webp,https://http2.mlstatic.com/D_NQ_NP_832018-MLU72536593794_102023-O.webp,2026-08-10,Validado sem nulos; RGB/HEX derivados de swatch digital,Registro preservado da Fase 1. HEX é proxy visual digital.,Fase 1,Régua 24 tons
16,O Boticário,Make B. Mate Salicylic,Base Líquida Mate Salicylic 30g,Cor 250,Não informado pela fonte consultada,Régua 24 tons,#A26A45,162,106,69,"0,4519","45,19",Escuro,"30,00",g,Média,Matte,Líquida,Oleosa,Não informado pela fonte consultada,Sim,Não informado pela fonte consultada,Ácido salicílico,Amostral digital — cartela visual,https://www.boticario.com.br/base-liquida-cor-330-make-b-mate-salicylic-30g/,https://http2.mlstatic.com/D_NQ_NP_832018-MLU72536593794_102023-O.webp,https://http2.mlstatic.com/D_NQ_NP_832018-MLU72536593794_102023-O.webp,2026-08-10,Validado sem nulos; RGB/HEX derivados de swatch digital,Registro preservado da Fase 1. HEX é proxy visual digital.,Fase 1,Régua 24 tons
17,O Boticário,Make B. Mate Salicylic,Base Líquida Mate Salicylic 30g,Cor 260,Não informado pela fonte consultada,Régua 24 tons,#A06E4C,160,110,76,"0,4634","46,34",Escuro,"30,00",g,Média,Matte,Líquida,Oleosa,Não informado pela fonte consultada,Sim,Não informado pela fonte consultada,Ácido salicílico,Amostral digital — cartela visual,https://www.boticario.com.br/base-liquida-cor-330-make-b-mate-salicylic-30g/,https://http2.mlstatic.com/D_NQ_NP_832018-MLU72536593794_102023-O.webp,https://http2.mlstatic.com/D_NQ_NP_832018-MLU72536593794_102023-O.webp,2026-08-10,Validado sem nulos; RGB/HEX derivados de swatch digital,Registro preservado da Fase 1. HEX é proxy visual digital.,Fase 1,Régua 24 tons
18,O Boticário,Make B. Mate Salicylic,Base Líquida Mate Salicylic 30g,Cor 270,Não informado pela fonte consultada,Régua 24 tons,#A56C42,165,108,66,"0,4592","45,92",Escuro,"30,00",g,Média,Matte,Líquida,Oleosa,Não informado pela fonte consultada,Sim,Não informado pela fonte consultada,Ácido salicílico,Amostral digital — cartela visual,https://www.boticario.com.br/base-liquida-cor-330-make-b-mate-salicylic-30g/,https://http2.mlstatic.com/D_NQ_NP_832018-MLU72536593794_102023-O.webp,https://http2.mlstatic.com/D_NQ_NP_832018-MLU72536593794_102023-O.webp,2026-08-10,Validado sem nulos; RGB/HEX derivados de swatch digital,Registro preservado da Fase 1. HEX é proxy visual digital.,Fase 1,Régua 24 tons
19,O Boticário,Make B. Mate Salicylic,Base Líquida Mate Salicylic 30g,Cor 280,Não informado pela fonte consultada,Régua 24 tons,#985F36,152,95,54,"0,4085","40,85",Escuro,"30,00",g,Média,Matte,Líquida,Oleosa,Não informado pela fonte consultada,Sim,Não informado pela fonte consultada,Ácido salicílico,Amostral digital — cartela visual,https://www.boticario.com.br/base-liquida-cor-330-make-b-mate-salicylic-30g/,https://http2.mlstatic.com/D_NQ_NP_832018-MLU72536593794_102023-O.webp,https://http2.mlstatic.com/D_NQ_NP_832018-MLU72536593794_102023-O.webp,2026-08-10,Validado sem nulos; RGB/HEX derivados de swatch digital,Registro preservado da Fase 1. HEX é proxy visual digital.,Fase 1,Régua 24 tons
20,O Boticário,Make B. Mate Salicylic,Base Líquida Mate Salicylic 30g,Cor 290,Não informado pela fonte consultada,Régua 24 tons,#7A4520,122,69,32,"0,3043","30,43",Muito escuro,"30,00",g,Média,Matte,Líquida,Oleosa,Não informado pela fonte consultada,Sim,Não informado pela fonte consultada,Ácido salicílico,Amostral digital — cartela visual,https://www.boticario.com.br/base-liquida-cor-330-make-b-mate-salicylic-30g/,https://http2.mlstatic.com/D_NQ_NP_832018-MLU72536593794_102023-O.webp,https://http2.mlstatic.com/D_NQ_NP_832018-MLU72536593794_102023-O.webp,2026-08-10,Validado sem nulos; RGB/HEX derivados de swatch digital,Registro preservado da Fase 1. HEX é proxy visual digital.,Fase 1,Régua 24 tons
21,O Boticário,Make B. Mate Salicylic,Base Líquida Mate Salicylic 30g,Cor 300,Não informado pela fonte consultada,Régua 24 tons,#60351F,96,53,31,"0,2375","23,75",Muito escuro,"30,00",g,Média,Matte,Líquida,Oleosa,Não informado pela fonte consultada,Sim,Não informado pela fonte consultada,Ácido salicílico,Amostral digital — cartela visual,https://www.boticario.com.br/base-liquida-cor-330-make-b-mate-salicylic-30g/,https://http2.mlstatic.com/D_NQ_NP_832018-MLU72536593794_102023-O.webp,https://http2.mlstatic.com/D_NQ_NP_832018-MLU72536593794_102023-O.webp,2026-08-10,Validado sem nulos; RGB/HEX derivados de swatch digital,Registro preservado da Fase 1. HEX é proxy visual digital.,Fase 1,Régua 24 tons
22,O Boticário,Make B. Mate Salicylic,Base Líquida Mate Salicylic 30g,Cor 310,Não informado pela fonte consultada,Régua 24 tons,#6E3919,110,57,25,"0,2587","25,87",Muito escuro,"30,00",g,Média,Matte,Líquida,Oleosa,Não informado pela fonte consultada,Sim,Não informado pela fonte consultada,Ácido salicílico,Amostral digital — cartela visual,https://www.boticario.com.br/base-liquida-cor-330-make-b-mate-salicylic-30g/,https://http2.mlstatic.com/D_NQ_NP_832018-MLU72536593794_102023-O.webp,https://http2.mlstatic.com/D_NQ_NP_832018-MLU72536593794_102023-O.webp,2026-08-10,Validado sem nulos; RGB/HEX derivados de swatch digital,Registro preservado da Fase 1. HEX é proxy visual digital.,Fase 1,Régua 24 tons
23,O Boticário,Make B. Mate Salicylic,Base Líquida Mate Salicylic 30g,Cor 320,Não informado pela fonte consultada,Régua 24 tons,#602F17,96,47,23,"0,2184","21,84",Muito escuro,"30,00",g,Média,Matte,Líquida,Oleosa,Não informado pela fonte consultada,Sim,Não informado pela fonte consultada,Ácido salicílico,Amostral digital — cartela visual,https://www.boticario.com.br/base-liquida-cor-330-make-b-mate-salicylic-30g/,https://http2.mlstatic.com/D_NQ_NP_832018-MLU72536593794_102023-O.webp,https://http2.mlstatic.com/D_NQ_NP_832018-MLU72536593794_102023-O.webp,2026-08-10,Validado sem nulos; RGB/HEX derivados de swatch digital,Registro preservado da Fase 1. HEX é proxy visual digital.,Fase 1,Régua 24 tons
24,O Boticário,Make B. Mate Salicylic,Base Líquida Mate Salicylic 30g,Cor 330,Não informado pela fonte consultada,Régua 24 tons,#3D1F11,61,31,17,"0,1426","14,26",Muito escuro,"30,00",g,Média,Matte,Líquida,Oleosa,Não informado pela fonte consultada,Sim,Não informado pela fonte consultada,Ácido salicílico,Amostral digital — cartela visual,https://www.boticario.com.br/base-liquida-cor-330-make-b-mate-salicylic-30g/,https://http2.mlstatic.com/D_NQ_NP_832018-MLU72536593794_102023-O.webp,https://http2.mlstatic.com/D_NQ_NP_832018-MLU72536593794_102023-O.webp,2026-08-10,Validado sem nulos; RGB/HEX derivados de swatch digital,Registro preservado da Fase 1. HEX é proxy visual digital.,Fase 1,Régua 24 tons
25,Boca Rosa,Boca Rosa Beauty,Stick Pele Multifuncional,BR01,Rosado Quente,BR01–BR50,#F7E2CE,247,226,206,"0,8981","89,81",Muito claro,"12,00",g,Média a alta,Glow natural,Cremosa,Todos os tipos de pele,Sim,Sim,FPS 30 UVA/UVB,Vitamina E,Amostral digital — cartela visual,https://bocarosa.com.br/products/stick-pele,https://images.tcdn.com.br/img/img_prod/929629/stick_pele_multifuncional_boca_rosa_2277_3_ad044ae18d570cf3e0b4f05122e58dd3.jpg,https://images.tcdn.com.br/img/img_prod/929629/stick_pele_multifuncional_boca_rosa_2277_3_ad044ae18d570cf3e0b4f05122e58dd3.jpg,2026-08-10,Nome/subtom oficial; RGB/HEX por amostragem digital da cartela,Cor medida na representação digital; pode variar do produto físico.,Fase 2,50 tons
26,Boca Rosa,Boca Rosa Beauty,Stick Pele Multifuncional,BR02,Amarelado Neutro,BR01–BR50,#F1D7B4,241,215,180,"0,8549","85,49",Muito claro,"12,00",g,Média a alta,Glow natural,Cremosa,Todos os tipos de pele,Sim,Sim,FPS 30 UVA/UVB,Vitamina E,Amostral digital — cartela visual,https://bocarosa.com.br/products/stick-pele,https://images.tcdn.com.br/img/img_prod/929629/stick_pele_multifuncional_boca_rosa_2277_3_ad044ae18d570cf3e0b4f05122e58dd3.jpg,https://images.tcdn.com.br/img/img_prod/929629/stick_pele_multifuncional_boca_rosa_2277_3_ad044ae18d570cf3e0b4f05122e58dd3.jpg,2026-08-10,Nome/subtom oficial; RGB/HEX por amostragem digital da cartela,Cor medida na representação digital; pode variar do produto físico.,Fase 2,50 tons
27,Boca Rosa,Boca Rosa Beauty,Stick Pele Multifuncional,BR03,Rosado Frio,BR01–BR50,#EDDBC9,237,219,201,"0,8687","86,87",Muito claro,"12,00",g,Média a alta,Glow natural,Cremosa,Todos os tipos de pele,Sim,Sim,FPS 30 UVA/UVB,Vitamina E,Amostral digital — cartela visual,https://bocarosa.com.br/products/stick-pele,https://images.tcdn.com.br/img/img_prod/929629/stick_pele_multifuncional_boca_rosa_2277_3_ad044ae18d570cf3e0b4f05122e58dd3.jpg,https://images.tcdn.com.br/img/img_prod/929629/stick_pele_multifuncional_boca_rosa_2277_3_ad044ae18d570cf3e0b4f05122e58dd3.jpg,2026-08-10,Nome/subtom oficial; RGB/HEX por amostragem digital da cartela,Cor medida na representação digital; pode variar do produto físico.,Fase 2,50 tons
28,Boca Rosa,Boca Rosa Beauty,Stick Pele Multifuncional,BR04,Amarelo Quente,BR01–BR50,#F1D7B4,241,215,180,"0,8549","85,49",Muito claro,"12,00",g,Média a alta,Glow natural,Cremosa,Todos os tipos de pele,Sim,Sim,FPS 30 UVA/UVB,Vitamina E,Amostral digital — cartela visual,https://bocarosa.com.br/products/stick-pele,https://images.tcdn.com.br/img/img_prod/929629/stick_pele_multifuncional_boca_rosa_2277_3_ad044ae18d570cf3e0b4f05122e58dd3.jpg,https://images.tcdn.com.br/img/img_prod/929629/stick_pele_multifuncional_boca_rosa_2277_3_ad044ae18d570cf3e0b4f05122e58dd3.jpg,2026-08-10,Nome/subtom oficial; RGB/HEX por amostragem digital da cartela,Cor medida na representação digital; pode variar do produto físico.,Fase 2,50 tons
29,Boca Rosa,Boca Rosa Beauty,Stick Pele Multifuncional,BR05,Rosado Neutro,BR01–BR50,#EED5C2,238,213,194,"0,8508","85,08",Muito claro,"12,00",g,Média a alta,Glow natural,Cremosa,Todos os tipos de pele,Sim,Sim,FPS 30 UVA/UVB,Vitamina E,Amostral digital — cartela visual,https://bocarosa.com.br/products/stick-pele,https://images.tcdn.com.br/img/img_prod/929629/stick_pele_multifuncional_boca_rosa_2277_3_ad044ae18d570cf3e0b4f05122e58dd3.jpg,https://images.tcdn.com.br/img/img_prod/929629/stick_pele_multifuncional_boca_rosa_2277_3_ad044ae18d570cf3e0b4f05122e58dd3.jpg,2026-08-10,Nome/subtom oficial; RGB/HEX por amostragem digital da cartela,Cor medida na representação digital; pode variar do produto físico.,Fase 2,50 tons
30,Boca Rosa,Boca Rosa Beauty,Stick Pele Multifuncional,BR06,Rosado Quente,BR01–BR50,#F1D2BD,241,210,189,"0,8434","84,34",Muito claro,"12,00",g,Média a alta,Glow natural,Cremosa,Todos os tipos de pele,Sim,Sim,FPS 30 UVA/UVB,Vitamina E,Amostral digital — cartela visual,https://bocarosa.com.br/products/stick-pele,https://images.tcdn.com.br/img/img_prod/929629/stick_pele_multifuncional_boca_rosa_2277_3_ad044ae18d570cf3e0b4f05122e58dd3.jpg,https://images.tcdn.com.br/img/img_prod/929629/stick_pele_multifuncional_boca_rosa_2277_3_ad044ae18d570cf3e0b4f05122e58dd3.jpg,2026-08-10,Nome/subtom oficial; RGB/HEX por amostragem digital da cartela,Cor medida na representação digital; pode variar do produto físico.,Fase 2,50 tons
31,Boca Rosa,Boca Rosa Beauty,Stick Pele Multifuncional,BR07,Oliva Neutro,BR01–BR50,#E7CBA7,231,203,167,"0,8092","80,92",Muito claro,"12,00",g,Média a alta,Glow natural,Cremosa,Todos os tipos de pele,Sim,Sim,FPS 30 UVA/UVB,Vitamina E,Amostral digital — cartela visual,https://bocarosa.com.br/products/stick-pele,https://images.tcdn.com.br/img/img_prod/929629/stick_pele_multifuncional_boca_rosa_2277_3_ad044ae18d570cf3e0b4f05122e58dd3.jpg,https://images.tcdn.com.br/img/img_prod/929629/stick_pele_multifuncional_boca_rosa_2277_3_ad044ae18d570cf3e0b4f05122e58dd3.jpg,2026-08-10,Nome/subtom oficial; RGB/HEX por amostragem digital da cartela,Cor medida na representação digital; pode variar do produto físico.,Fase 2,50 tons
32,Boca Rosa,Boca Rosa Beauty,Stick Pele Multifuncional,BR08,Rosado Quente,BR01–BR50,#E7C7AB,231,199,171,"0,7991","79,91",Muito claro,"12,00",g,Média a alta,Glow natural,Cremosa,Todos os tipos de pele,Sim,Sim,FPS 30 UVA/UVB,Vitamina E,Amostral digital — cartela visual,https://bocarosa.com.br/products/stick-pele,https://images.tcdn.com.br/img/img_prod/929629/stick_pele_multifuncional_boca_rosa_2277_3_ad044ae18d570cf3e0b4f05122e58dd3.jpg,https://images.tcdn.com.br/img/img_prod/929629/stick_pele_multifuncional_boca_rosa_2277_3_ad044ae18d570cf3e0b4f05122e58dd3.jpg,2026-08-10,Nome/subtom oficial; RGB/HEX por amostragem digital da cartela,Cor medida na representação digital; pode variar do produto físico.,Fase 2,50 tons
33,Boca Rosa,Boca Rosa Beauty,Stick Pele Multifuncional,BR09,Rosado Neutro,BR01–BR50,#E9C8AB,233,200,171,"0,8036","80,36",Muito claro,"12,00",g,Média a alta,Glow natural,Cremosa,Todos os tipos de pele,Sim,Sim,FPS 30 UVA/UVB,Vitamina E,Amostral digital — cartela visual,https://bocarosa.com.br/products/stick-pele,https://images.tcdn.com.br/img/img_prod/929629/stick_pele_multifuncional_boca_rosa_2277_3_ad044ae18d570cf3e0b4f05122e58dd3.jpg,https://images.tcdn.com.br/img/img_prod/929629/stick_pele_multifuncional_boca_rosa_2277_3_ad044ae18d570cf3e0b4f05122e58dd3.jpg,2026-08-10,Nome/subtom oficial; RGB/HEX por amostragem digital da cartela,Cor medida na representação digital; pode variar do produto físico.,Fase 2,50 tons
34,Boca Rosa,Boca Rosa Beauty,Stick Pele Multifuncional,BR10,Oliva Quente,BR01–BR50,#E7CAA2,231,202,162,"0,8050","80,50",Muito claro,"12,00",g,Média a alta,Glow natural,Cremosa,Todos os tipos de pele,Sim,Sim,FPS 30 UVA/UVB,Vitamina E,Amostral digital — cartela visual,https://bocarosa.com.br/products/stick-pele,https://images.tcdn.com.br/img/img_prod/929629/stick_pele_multifuncional_boca_rosa_2277_3_ad044ae18d570cf3e0b4f05122e58dd3.jpg,https://images.tcdn.com.br/img/img_prod/929629/stick_pele_multifuncional_boca_rosa_2277_3_ad044ae18d570cf3e0b4f05122e58dd3.jpg,2026-08-10,Nome/subtom oficial; RGB/HEX por amostragem digital da cartela,Cor medida na representação digital; pode variar do produto físico.,Fase 2,50 tons
35,Boca Rosa,Boca Rosa Beauty,Stick Pele Multifuncional,BR11,Rosado Neutro,BR01–BR50,#E2C1A9,226,193,169,"0,7776","77,76",Muito claro,"12,00",g,Média a alta,Glow natural,Cremosa,Todos os tipos de pele,Sim,Sim,FPS 30 UVA/UVB,Vitamina E,Amostral digital — cartela visual,https://bocarosa.com.br/products/stick-pele,https://images.tcdn.com.br/img/img_prod/929629/stick_pele_multifuncional_boca_rosa_2277_3_ad044ae18d570cf3e0b4f05122e58dd3.jpg,https://images.tcdn.com.br/img/img_prod/929629/stick_pele_multifuncional_boca_rosa_2277_3_ad044ae18d570cf3e0b4f05122e58dd3.jpg,2026-08-10,Nome/subtom oficial; RGB/HEX por amostragem digital da cartela,Cor medida na representação digital; pode variar do produto físico.,Fase 2,50 tons
36,Boca Rosa,Boca Rosa Beauty,Stick Pele Multifuncional,BR12,Oliva Frio,BR01–BR50,#DFC5A8,223,197,168,"0,7860","78,60",Muito claro,"12,00",g,Média a alta,Glow natural,Cremosa,Todos os tipos de pele,Sim,Sim,FPS 30 UVA/UVB,Vitamina E,Amostral digital — cartela visual,https://bocarosa.com.br/products/stick-pele,https://images.tcdn.com.br/img/img_prod/929629/stick_pele_multifuncional_boca_rosa_2277_3_ad044ae18d570cf3e0b4f05122e58dd3.jpg,https://images.tcdn.com.br/img/img_prod/929629/stick_pele_multifuncional_boca_rosa_2277_3_ad044ae18d570cf3e0b4f05122e58dd3.jpg,2026-08-10,Nome/subtom oficial; RGB/HEX por amostragem digital da cartela,Cor medida na representação digital; pode variar do produto físico.,Fase 2,50 tons
37,Boca Rosa,Boca Rosa Beauty,Stick Pele Multifuncional,BR13,Rosado Frio,BR01–BR50,#DEBDA8,222,189,168,"0,7627","76,27",Muito claro,"12,00",g,Média a alta,Glow natural,Cremosa,Todos os tipos de pele,Sim,Sim,FPS 30 UVA/UVB,Vitamina E,Amostral digital — cartela visual,https://bocarosa.com.br/products/stick-pele,https://images.tcdn.com.br/img/img_prod/929629/stick_pele_multifuncional_boca_rosa_2277_3_ad044ae18d570cf3e0b4f05122e58dd3.jpg,https://images.tcdn.com.br/img/img_prod/929629/stick_pele_multifuncional_boca_rosa_2277_3_ad044ae18d570cf3e0b4f05122e58dd3.jpg,2026-08-10,Nome/subtom oficial; RGB/HEX por amostragem digital da cartela,Cor medida na representação digital; pode variar do produto físico.,Fase 2,50 tons
38,Boca Rosa,Boca Rosa Beauty,Stick Pele Multifuncional,BR14,Amarelado Quente,BR01–BR50,#E2B793,226,183,147,"0,7433","74,33",Muito claro,"12,00",g,Média a alta,Glow natural,Cremosa,Todos os tipos de pele,Sim,Sim,FPS 30 UVA/UVB,Vitamina E,Amostral digital — cartela visual,https://bocarosa.com.br/products/stick-pele,https://images.tcdn.com.br/img/img_prod/929629/stick_pele_multifuncional_boca_rosa_2277_3_ad044ae18d570cf3e0b4f05122e58dd3.jpg,https://images.tcdn.com.br/img/img_prod/929629/stick_pele_multifuncional_boca_rosa_2277_3_ad044ae18d570cf3e0b4f05122e58dd3.jpg,2026-08-10,Nome/subtom oficial; RGB/HEX por amostragem digital da cartela,Cor medida na representação digital; pode variar do produto físico.,Fase 2,50 tons
39,Boca Rosa,Boca Rosa Beauty,Stick Pele Multifuncional,BR15,Rosado Quente,BR01–BR50,#E0B08D,224,176,141,"0,7203","72,03",Claro,"12,00",g,Média a alta,Glow natural,Cremosa,Todos os tipos de pele,Sim,Sim,FPS 30 UVA/UVB,Vitamina E,Amostral digital — cartela visual,https://bocarosa.com.br/products/stick-pele,https://images.tcdn.com.br/img/img_prod/929629/stick_pele_multifuncional_boca_rosa_2277_3_ad044ae18d570cf3e0b4f05122e58dd3.jpg,https://images.tcdn.com.br/img/img_prod/929629/stick_pele_multifuncional_boca_rosa_2277_3_ad044ae18d570cf3e0b4f05122e58dd3.jpg,2026-08-10,Nome/subtom oficial; RGB/HEX por amostragem digital da cartela,Cor medida na representação digital; pode variar do produto físico.,Fase 2,50 tons
40,Boca Rosa,Boca Rosa Beauty,Stick Pele Multifuncional,BR16,Oliva Neutro,BR01–BR50,#E0B791,224,183,145,"0,7411","74,11",Claro,"12,00",g,Média a alta,Glow natural,Cremosa,Todos os tipos de pele,Sim,Sim,FPS 30 UVA/UVB,Vitamina E,Amostral digital — cartela visual,https://bocarosa.com.br/products/stick-pele,https://images.tcdn.com.br/img/img_prod/929629/stick_pele_multifuncional_boca_rosa_2277_3_ad044ae18d570cf3e0b4f05122e58dd3.jpg,https://images.tcdn.com.br/img/img_prod/929629/stick_pele_multifuncional_boca_rosa_2277_3_ad044ae18d570cf3e0b4f05122e58dd3.jpg,2026-08-10,Nome/subtom oficial; RGB/HEX por amostragem digital da cartela,Cor medida na representação digital; pode variar do produto físico.,Fase 2,50 tons
41,Boca Rosa,Boca Rosa Beauty,Stick Pele Multifuncional,BR17,Rosado Frio,BR01–BR50,#E1B699,225,182,153,"0,7414","74,14",Claro,"12,00",g,Média a alta,Glow natural,Cremosa,Todos os tipos de pele,Sim,Sim,FPS 30 UVA/UVB,Vitamina E,Amostral digital — cartela visual,https://bocarosa.com.br/products/stick-pele,https://images.tcdn.com.br/img/img_prod/929629/stick_pele_multifuncional_boca_rosa_2277_3_ad044ae18d570cf3e0b4f05122e58dd3.jpg,https://images.tcdn.com.br/img/img_prod/929629/stick_pele_multifuncional_boca_rosa_2277_3_ad044ae18d570cf3e0b4f05122e58dd3.jpg,2026-08-10,Nome/subtom oficial; RGB/HEX por amostragem digital da cartela,Cor medida na representação digital; pode variar do produto físico.,Fase 2,50 tons
42,Boca Rosa,Boca Rosa Beauty,Stick Pele Multifuncional,BR18,Amarelo Neutro,BR01–BR50,#DCB18A,220,177,138,"0,7189","71,89",Claro,"12,00",g,Média a alta,Glow natural,Cremosa,Todos os tipos de pele,Sim,Sim,FPS 30 UVA/UVB,Vitamina E,Amostral digital — cartela visual,https://bocarosa.com.br/products/stick-pele,https://images.tcdn.com.br/img/img_prod/929629/stick_pele_multifuncional_boca_rosa_2277_3_ad044ae18d570cf3e0b4f05122e58dd3.jpg,https://images.tcdn.com.br/img/img_prod/929629/stick_pele_multifuncional_boca_rosa_2277_3_ad044ae18d570cf3e0b4f05122e58dd3.jpg,2026-08-10,Nome/subtom oficial; RGB/HEX por amostragem digital da cartela,Cor medida na representação digital; pode variar do produto físico.,Fase 2,50 tons
43,Boca Rosa,Boca Rosa Beauty,Stick Pele Multifuncional,BR19,Rosado Neutro,BR01–BR50,#E2B492,226,180,146,"0,7346","73,46",Claro,"12,00",g,Média a alta,Glow natural,Cremosa,Todos os tipos de pele,Sim,Sim,FPS 30 UVA/UVB,Vitamina E,Amostral digital — cartela visual,https://bocarosa.com.br/products/stick-pele,https://images.tcdn.com.br/img/img_prod/929629/stick_pele_multifuncional_boca_rosa_2277_3_ad044ae18d570cf3e0b4f05122e58dd3.jpg,https://images.tcdn.com.br/img/img_prod/929629/stick_pele_multifuncional_boca_rosa_2277_3_ad044ae18d570cf3e0b4f05122e58dd3.jpg,2026-08-10,Nome/subtom oficial; RGB/HEX por amostragem digital da cartela,Cor medida na representação digital; pode variar do produto físico.,Fase 2,50 tons
44,Boca Rosa,Boca Rosa Beauty,Stick Pele Multifuncional,BR20,Oliva Quente,BR01–BR50,#DCAE89,220,174,137,"0,7102","71,02",Claro,"12,00",g,Média a alta,Glow natural,Cremosa,Todos os tipos de pele,Sim,Sim,FPS 30 UVA/UVB,Vitamina E,Amostral digital — cartela visual,https://bocarosa.com.br/products/stick-pele,https://images.tcdn.com.br/img/img_prod/929629/stick_pele_multifuncional_boca_rosa_2277_3_ad044ae18d570cf3e0b4f05122e58dd3.jpg,https://images.tcdn.com.br/img/img_prod/929629/stick_pele_multifuncional_boca_rosa_2277_3_ad044ae18d570cf3e0b4f05122e58dd3.jpg,2026-08-10,Nome/subtom oficial; RGB/HEX por amostragem digital da cartela,Cor medida na representação digital; pode variar do produto físico.,Fase 2,50 tons
45,Boca Rosa,Boca Rosa Beauty,Stick Pele Multifuncional,BR21,Rosado Frio,BR01–BR50,#D0A895,208,168,149,"0,6868","68,68",Claro,"12,00",g,Média a alta,Glow natural,Cremosa,Todos os tipos de pele,Sim,Sim,FPS 30 UVA/UVB,Vitamina E,Amostral digital — cartela visual,https://bocarosa.com.br/products/stick-pele,https://images.tcdn.com.br/img/img_prod/929629/stick_pele_multifuncional_boca_rosa_2277_3_ad044ae18d570cf3e0b4f05122e58dd3.jpg,https://images.tcdn.com.br/img/img_prod/929629/stick_pele_multifuncional_boca_rosa_2277_3_ad044ae18d570cf3e0b4f05122e58dd3.jpg,2026-08-10,Nome/subtom oficial; RGB/HEX por amostragem digital da cartela,Cor medida na representação digital; pode variar do produto físico.,Fase 2,50 tons
46,Boca Rosa,Boca Rosa Beauty,Stick Pele Multifuncional,BR22,Amarelado Quente,BR01–BR50,#C49579,196,149,121,"0,6156","61,56",Médio,"12,00",g,Média a alta,Glow natural,Cremosa,Todos os tipos de pele,Sim,Sim,FPS 30 UVA/UVB,Vitamina E,Amostral digital — cartela visual,https://bocarosa.com.br/products/stick-pele,https://images.tcdn.com.br/img/img_prod/929629/stick_pele_multifuncional_boca_rosa_2277_3_ad044ae18d570cf3e0b4f05122e58dd3.jpg,https://images.tcdn.com.br/img/img_prod/929629/stick_pele_multifuncional_boca_rosa_2277_3_ad044ae18d570cf3e0b4f05122e58dd3.jpg,2026-08-10,Nome/subtom oficial; RGB/HEX por amostragem digital da cartela,Cor medida na representação digital; pode variar do produto físico.,Fase 2,50 tons
47,Boca Rosa,Boca Rosa Beauty,Stick Pele Multifuncional,BR23,Amarelado Quente,BR01–BR50,#CE9869,206,152,105,"0,6278","62,78",Médio,"12,00",g,Média a alta,Glow natural,Cremosa,Todos os tipos de pele,Sim,Sim,FPS 30 UVA/UVB,Vitamina E,Amostral digital — cartela visual,https://bocarosa.com.br/products/stick-pele,https://images.tcdn.com.br/img/img_prod/929629/stick_pele_multifuncional_boca_rosa_2277_3_ad044ae18d570cf3e0b4f05122e58dd3.jpg,https://images.tcdn.com.br/img/img_prod/929629/stick_pele_multifuncional_boca_rosa_2277_3_ad044ae18d570cf3e0b4f05122e58dd3.jpg,2026-08-10,Nome/subtom oficial; RGB/HEX por amostragem digital da cartela,Cor medida na representação digital; pode variar do produto físico.,Fase 2,50 tons
48,Boca Rosa,Boca Rosa Beauty,Stick Pele Multifuncional,BR24,Rosado Quente,BR01–BR50,#D5A282,213,162,130,"0,6688","66,88",Claro,"12,00",g,Média a alta,Glow natural,Cremosa,Todos os tipos de pele,Sim,Sim,FPS 30 UVA/UVB,Vitamina E,Amostral digital — cartela visual,https://bocarosa.com.br/products/stick-pele,https://images.tcdn.com.br/img/img_prod/929629/stick_pele_multifuncional_boca_rosa_2277_3_ad044ae18d570cf3e0b4f05122e58dd3.jpg,https://images.tcdn.com.br/img/img_prod/929629/stick_pele_multifuncional_boca_rosa_2277_3_ad044ae18d570cf3e0b4f05122e58dd3.jpg,2026-08-10,Nome/subtom oficial; RGB/HEX por amostragem digital da cartela,Cor medida na representação digital; pode variar do produto físico.,Fase 2,50 tons
49,Boca Rosa,Boca Rosa Beauty,Stick Pele Multifuncional,BR25,Rosado Neutro,BR01–BR50,#D09D78,208,157,120,"0,6477","64,77",Claro,"12,00",g,Média a alta,Glow natural,Cremosa,Todos os tipos de pele,Sim,Sim,FPS 30 UVA/UVB,Vitamina E,Amostral digital — cartela visual,https://bocarosa.com.br/products/stick-pele,https://images.tcdn.com.br/img/img_prod/929629/stick_pele_multifuncional_boca_rosa_2277_3_ad044ae18d570cf3e0b4f05122e58dd3.jpg,https://images.tcdn.com.br/img/img_prod/929629/stick_pele_multifuncional_boca_rosa_2277_3_ad044ae18d570cf3e0b4f05122e58dd3.jpg,2026-08-10,Nome/subtom oficial; RGB/HEX por amostragem digital da cartela,Cor medida na representação digital; pode variar do produto físico.,Fase 2,50 tons
50,Boca Rosa,Boca Rosa Beauty,Stick Pele Multifuncional,BR26,Oliva Quente,BR01–BR50,#CDA272,205,162,114,"0,6576","65,76",Claro,"12,00",g,Média a alta,Glow natural,Cremosa,Todos os tipos de pele,Sim,Sim,FPS 30 UVA/UVB,Vitamina E,Amostral digital — cartela visual,https://bocarosa.com.br/products/stick-pele,https://images.tcdn.com.br/img/img_prod/929629/stick_pele_multifuncional_boca_rosa_2277_3_ad044ae18d570cf3e0b4f05122e58dd3.jpg,https://images.tcdn.com.br/img/img_prod/929629/stick_pele_multifuncional_boca_rosa_2277_3_ad044ae18d570cf3e0b4f05122e58dd3.jpg,2026-08-10,Nome/subtom oficial; RGB/HEX por amostragem digital da cartela,Cor medida na representação digital; pode variar do produto físico.,Fase 2,50 tons
51,Boca Rosa,Boca Rosa Beauty,Stick Pele Multifuncional,BR27,Rosado Quente,BR01–BR50,#DAA173,218,161,115,"0,6659","66,59",Claro,"12,00",g,Média a alta,Glow natural,Cremosa,Todos os tipos de pele,Sim,Sim,FPS 30 UVA/UVB,Vitamina E,Amostral digital — cartela visual,https://bocarosa.com.br/products/stick-pele,https://images.tcdn.com.br/img/img_prod/929629/stick_pele_multifuncional_boca_rosa_2277_3_ad044ae18d570cf3e0b4f05122e58dd3.jpg,https://images.tcdn.com.br/img/img_prod/929629/stick_pele_multifuncional_boca_rosa_2277_3_ad044ae18d570cf3e0b4f05122e58dd3.jpg,2026-08-10,Nome/subtom oficial; RGB/HEX por amostragem digital da cartela,Cor medida na representação digital; pode variar do produto físico.,Fase 2,50 tons
52,Boca Rosa,Boca Rosa Beauty,Stick Pele Multifuncional,BR28,Rosado Neutro,BR01–BR50,#D7A176,215,161,118,"0,6642","66,42",Claro,"12,00",g,Média a alta,Glow natural,Cremosa,Todos os tipos de pele,Sim,Sim,FPS 30 UVA/UVB,Vitamina E,Amostral digital — cartela visual,https://bocarosa.com.br/products/stick-pele,https://images.tcdn.com.br/img/img_prod/929629/stick_pele_multifuncional_boca_rosa_2277_3_ad044ae18d570cf3e0b4f05122e58dd3.jpg,https://images.tcdn.com.br/img/img_prod/929629/stick_pele_multifuncional_boca_rosa_2277_3_ad044ae18d570cf3e0b4f05122e58dd3.jpg,2026-08-10,Nome/subtom oficial; RGB/HEX por amostragem digital da cartela,Cor medida na representação digital; pode variar do produto físico.,Fase 2,50 tons
53,Boca Rosa,Boca Rosa Beauty,Stick Pele Multifuncional,BR29,Amarelado Quente,BR01–BR50,#DCA976,220,169,118,"0,6908","69,08",Claro,"12,00",g,Média a alta,Glow natural,Cremosa,Todos os tipos de pele,Sim,Sim,FPS 30 UVA/UVB,Vitamina E,Amostral digital — cartela visual,https://bocarosa.com.br/products/stick-pele,https://images.tcdn.com.br/img/img_prod/929629/stick_pele_multifuncional_boca_rosa_2277_3_ad044ae18d570cf3e0b4f05122e58dd3.jpg,https://images.tcdn.com.br/img/img_prod/929629/stick_pele_multifuncional_boca_rosa_2277_3_ad044ae18d570cf3e0b4f05122e58dd3.jpg,2026-08-10,Nome/subtom oficial; RGB/HEX por amostragem digital da cartela,Cor medida na representação digital; pode variar do produto físico.,Fase 2,50 tons
54,Boca Rosa,Boca Rosa Beauty,Stick Pele Multifuncional,BR30,Amarelado Neutro,BR01–BR50,#C28B5A,194,139,90,"0,5771","57,71",Médio,"12,00",g,Média a alta,Glow natural,Cremosa,Todos os tipos de pele,Sim,Sim,FPS 30 UVA/UVB,Vitamina E,Amostral digital — cartela visual,https://bocarosa.com.br/products/stick-pele,https://images.tcdn.com.br/img/img_prod/929629/stick_pele_multifuncional_boca_rosa_2277_3_ad044ae18d570cf3e0b4f05122e58dd3.jpg,https://images.tcdn.com.br/img/img_prod/929629/stick_pele_multifuncional_boca_rosa_2277_3_ad044ae18d570cf3e0b4f05122e58dd3.jpg,2026-08-10,Nome/subtom oficial; RGB/HEX por amostragem digital da cartela,Cor medida na representação digital; pode variar do produto físico.,Fase 2,50 tons
55,Boca Rosa,Boca Rosa Beauty,Stick Pele Multifuncional,BR31,Amarelado Quente,BR01–BR50,#DBA268,219,162,104,"0,6664","66,64",Claro,"12,00",g,Média a alta,Glow natural,Cremosa,Todos os tipos de pele,Sim,Sim,FPS 30 UVA/UVB,Vitamina E,Amostral digital — cartela visual,https://bocarosa.com.br/products/stick-pele,https://images.tcdn.com.br/img/img_prod/929629/stick_pele_multifuncional_boca_rosa_2277_3_ad044ae18d570cf3e0b4f05122e58dd3.jpg,https://images.tcdn.com.br/img/img_prod/929629/stick_pele_multifuncional_boca_rosa_2277_3_ad044ae18d570cf3e0b4f05122e58dd3.jpg,2026-08-10,Nome/subtom oficial; RGB/HEX por amostragem digital da cartela,Cor medida na representação digital; pode variar do produto físico.,Fase 2,50 tons
56,Boca Rosa,Boca Rosa Beauty,Stick Pele Multifuncional,BR32,Rosado Neutro,BR01–BR50,#CD9460,205,148,96,"0,6132","61,32",Médio,"12,00",g,Média a alta,Glow natural,Cremosa,Todos os tipos de pele,Sim,Sim,FPS 30 UVA/UVB,Vitamina E,Amostral digital — cartela visual,https://bocarosa.com.br/products/stick-pele,https://images.tcdn.com.br/img/img_prod/929629/stick_pele_multifuncional_boca_rosa_2277_3_ad044ae18d570cf3e0b4f05122e58dd3.jpg,https://images.tcdn.com.br/img/img_prod/929629/stick_pele_multifuncional_boca_rosa_2277_3_ad044ae18d570cf3e0b4f05122e58dd3.jpg,2026-08-10,Nome/subtom oficial; RGB/HEX por amostragem digital da cartela,Cor medida na representação digital; pode variar do produto físico.,Fase 2,50 tons
57,Boca Rosa,Boca Rosa Beauty,Stick Pele Multifuncional,BR33,Amarelado Quente,BR01–BR50,#D08E56,208,142,86,"0,5960","59,60",Médio,"12,00",g,Média a alta,Glow natural,Cremosa,Todos os tipos de pele,Sim,Sim,FPS 30 UVA/UVB,Vitamina E,Amostral digital — cartela visual,https://bocarosa.com.br/products/stick-pele,https://images.tcdn.com.br/img/img_prod/929629/stick_pele_multifuncional_boca_rosa_2277_3_ad044ae18d570cf3e0b4f05122e58dd3.jpg,https://images.tcdn.com.br/img/img_prod/929629/stick_pele_multifuncional_boca_rosa_2277_3_ad044ae18d570cf3e0b4f05122e58dd3.jpg,2026-08-10,Nome/subtom oficial; RGB/HEX por amostragem digital da cartela,Cor medida na representação digital; pode variar do produto físico.,Fase 2,50 tons
58,Boca Rosa,Boca Rosa Beauty,Stick Pele Multifuncional,BR34,Oliva Neutro,BR01–BR50,#B77B46,183,123,70,"0,5174","51,74",Escuro,"12,00",g,Média a alta,Glow natural,Cremosa,Todos os tipos de pele,Sim,Sim,FPS 30 UVA/UVB,Vitamina E,Amostral digital — cartela visual,https://bocarosa.com.br/products/stick-pele,https://images.tcdn.com.br/img/img_prod/929629/stick_pele_multifuncional_boca_rosa_2277_3_ad044ae18d570cf3e0b4f05122e58dd3.jpg,https://images.tcdn.com.br/img/img_prod/929629/stick_pele_multifuncional_boca_rosa_2277_3_ad044ae18d570cf3e0b4f05122e58dd3.jpg,2026-08-10,Nome/subtom oficial; RGB/HEX por amostragem digital da cartela,Cor medida na representação digital; pode variar do produto físico.,Fase 2,50 tons
59,Boca Rosa,Boca Rosa Beauty,Stick Pele Multifuncional,BR35,Rosado Quente,BR01–BR50,#C88A53,200,138,83,"0,5773","57,73",Médio,"12,00",g,Média a alta,Glow natural,Cremosa,Todos os tipos de pele,Sim,Sim,FPS 30 UVA/UVB,Vitamina E,Amostral digital — cartela visual,https://bocarosa.com.br/products/stick-pele,https://images.tcdn.com.br/img/img_prod/929629/stick_pele_multifuncional_boca_rosa_2277_3_ad044ae18d570cf3e0b4f05122e58dd3.jpg,https://images.tcdn.com.br/img/img_prod/929629/stick_pele_multifuncional_boca_rosa_2277_3_ad044ae18d570cf3e0b4f05122e58dd3.jpg,2026-08-10,Nome/subtom oficial; RGB/HEX por amostragem digital da cartela,Cor medida na representação digital; pode variar do produto físico.,Fase 2,50 tons
60,Boca Rosa,Boca Rosa Beauty,Stick Pele Multifuncional,BR36,Oliva Quente,BR01–BR50,#C0854F,192,133,79,"0,5555","55,55",Médio,"12,00",g,Média a alta,Glow natural,Cremosa,Todos os tipos de pele,Sim,Sim,FPS 30 UVA/UVB,Vitamina E,Amostral digital — cartela visual,https://bocarosa.com.br/products/stick-pele,https://images.tcdn.com.br/img/img_prod/929629/stick_pele_multifuncional_boca_rosa_2277_3_ad044ae18d570cf3e0b4f05122e58dd3.jpg,https://images.tcdn.com.br/img/img_prod/929629/stick_pele_multifuncional_boca_rosa_2277_3_ad044ae18d570cf3e0b4f05122e58dd3.jpg,2026-08-10,Nome/subtom oficial; RGB/HEX por amostragem digital da cartela,Cor medida na representação digital; pode variar do produto físico.,Fase 2,50 tons
61,Boca Rosa,Boca Rosa Beauty,Stick Pele Multifuncional,BR37,Rosado Frio,BR01–BR50,#BA865B,186,134,91,"0,5567","55,67",Médio,"12,00",g,Média a alta,Glow natural,Cremosa,Todos os tipos de pele,Sim,Sim,FPS 30 UVA/UVB,Vitamina E,Amostral digital — cartela visual,https://bocarosa.com.br/products/stick-pele,https://images.tcdn.com.br/img/img_prod/929629/stick_pele_multifuncional_boca_rosa_2277_3_ad044ae18d570cf3e0b4f05122e58dd3.jpg,https://images.tcdn.com.br/img/img_prod/929629/stick_pele_multifuncional_boca_rosa_2277_3_ad044ae18d570cf3e0b4f05122e58dd3.jpg,2026-08-10,Nome/subtom oficial; RGB/HEX por amostragem digital da cartela,Cor medida na representação digital; pode variar do produto físico.,Fase 2,50 tons
62,Boca Rosa,Boca Rosa Beauty,Stick Pele Multifuncional,BR38,Oliva Neutro,BR01–BR50,#AD7642,173,118,66,"0,4939","49,39",Escuro,"12,00",g,Média a alta,Glow natural,Cremosa,Todos os tipos de pele,Sim,Sim,FPS 30 UVA/UVB,Vitamina E,Amostral digital — cartela visual,https://bocarosa.com.br/products/stick-pele,https://images.tcdn.com.br/img/img_prod/929629/stick_pele_multifuncional_boca_rosa_2277_3_ad044ae18d570cf3e0b4f05122e58dd3.jpg,https://images.tcdn.com.br/img/img_prod/929629/stick_pele_multifuncional_boca_rosa_2277_3_ad044ae18d570cf3e0b4f05122e58dd3.jpg,2026-08-10,Nome/subtom oficial; RGB/HEX por amostragem digital da cartela,Cor medida na representação digital; pode variar do produto físico.,Fase 2,50 tons
63,Boca Rosa,Boca Rosa Beauty,Stick Pele Multifuncional,BR39,Rosado Quente,BR01–BR50,#B77A44,183,122,68,"0,5140","51,40",Escuro,"12,00",g,Média a alta,Glow natural,Cremosa,Todos os tipos de pele,Sim,Sim,FPS 30 UVA/UVB,Vitamina E,Amostral digital — cartela visual,https://bocarosa.com.br/products/stick-pele,https://images.tcdn.com.br/img/img_prod/929629/stick_pele_multifuncional_boca_rosa_2277_3_ad044ae18d570cf3e0b4f05122e58dd3.jpg,https://images.tcdn.com.br/img/img_prod/929629/stick_pele_multifuncional_boca_rosa_2277_3_ad044ae18d570cf3e0b4f05122e58dd3.jpg,2026-08-10,Nome/subtom oficial; RGB/HEX por amostragem digital da cartela,Cor medida na representação digital; pode variar do produto físico.,Fase 2,50 tons
64,Boca Rosa,Boca Rosa Beauty,Stick Pele Multifuncional,BR40,Rosado Frio,BR01–BR50,#B5764D,181,118,77,"0,5037","50,37",Escuro,"12,00",g,Média a alta,Glow natural,Cremosa,Todos os tipos de pele,Sim,Sim,FPS 30 UVA/UVB,Vitamina E,Amostral digital — cartela visual,https://bocarosa.com.br/products/stick-pele,https://images.tcdn.com.br/img/img_prod/929629/stick_pele_multifuncional_boca_rosa_2277_3_ad044ae18d570cf3e0b4f05122e58dd3.jpg,https://images.tcdn.com.br/img/img_prod/929629/stick_pele_multifuncional_boca_rosa_2277_3_ad044ae18d570cf3e0b4f05122e58dd3.jpg,2026-08-10,Nome/subtom oficial; RGB/HEX por amostragem digital da cartela,Cor medida na representação digital; pode variar do produto físico.,Fase 2,50 tons
65,Boca Rosa,Boca Rosa Beauty,Stick Pele Multifuncional,BR41,Amarelado Quente,BR01–BR50,#BB7B49,187,123,73,"0,5216","52,16",Escuro,"12,00",g,Média a alta,Glow natural,Cremosa,Todos os tipos de pele,Sim,Sim,FPS 30 UVA/UVB,Vitamina E,Amostral digital — cartela visual,https://bocarosa.com.br/products/stick-pele,https://images.tcdn.com.br/img/img_prod/929629/stick_pele_multifuncional_boca_rosa_2277_3_ad044ae18d570cf3e0b4f05122e58dd3.jpg,https://images.tcdn.com.br/img/img_prod/929629/stick_pele_multifuncional_boca_rosa_2277_3_ad044ae18d570cf3e0b4f05122e58dd3.jpg,2026-08-10,Nome/subtom oficial; RGB/HEX por amostragem digital da cartela,Cor medida na representação digital; pode variar do produto físico.,Fase 2,50 tons
66,Boca Rosa,Boca Rosa Beauty,Stick Pele Multifuncional,BR42,Oliva Neutro,BR01–BR50,#A56A44,165,106,68,"0,4541","45,41",Escuro,"12,00",g,Média a alta,Glow natural,Cremosa,Todos os tipos de pele,Sim,Sim,FPS 30 UVA/UVB,Vitamina E,Amostral digital — cartela visual,https://bocarosa.com.br/products/stick-pele,https://images.tcdn.com.br/img/img_prod/929629/stick_pele_multifuncional_boca_rosa_2277_3_ad044ae18d570cf3e0b4f05122e58dd3.jpg,https://images.tcdn.com.br/img/img_prod/929629/stick_pele_multifuncional_boca_rosa_2277_3_ad044ae18d570cf3e0b4f05122e58dd3.jpg,2026-08-10,Nome/subtom oficial; RGB/HEX por amostragem digital da cartela,Cor medida na representação digital; pode variar do produto físico.,Fase 2,50 tons
67,Boca Rosa,Boca Rosa Beauty,Stick Pele Multifuncional,BR43,Oliva Frio,BR01–BR50,#96623E,150,98,62,"0,4175","41,75",Escuro,"12,00",g,Média a alta,Glow natural,Cremosa,Todos os tipos de pele,Sim,Sim,FPS 30 UVA/UVB,Vitamina E,Amostral digital — cartela visual,https://bocarosa.com.br/products/stick-pele,https://images.tcdn.com.br/img/img_prod/929629/stick_pele_multifuncional_boca_rosa_2277_3_ad044ae18d570cf3e0b4f05122e58dd3.jpg,https://images.tcdn.com.br/img/img_prod/929629/stick_pele_multifuncional_boca_rosa_2277_3_ad044ae18d570cf3e0b4f05122e58dd3.jpg,2026-08-10,Nome/subtom oficial; RGB/HEX por amostragem digital da cartela,Cor medida na representação digital; pode variar do produto físico.,Fase 2,50 tons
68,Boca Rosa,Boca Rosa Beauty,Stick Pele Multifuncional,BR44,Oliva Neutro,BR01–BR50,#895433,137,84,51,"0,3643","36,43",Escuro,"12,00",g,Média a alta,Glow natural,Cremosa,Todos os tipos de pele,Sim,Sim,FPS 30 UVA/UVB,Vitamina E,Amostral digital — cartela visual,https://bocarosa.com.br/products/stick-pele,https://images.tcdn.com.br/img/img_prod/929629/stick_pele_multifuncional_boca_rosa_2277_3_ad044ae18d570cf3e0b4f05122e58dd3.jpg,https://images.tcdn.com.br/img/img_prod/929629/stick_pele_multifuncional_boca_rosa_2277_3_ad044ae18d570cf3e0b4f05122e58dd3.jpg,2026-08-10,Nome/subtom oficial; RGB/HEX por amostragem digital da cartela,Cor medida na representação digital; pode variar do produto físico.,Fase 2,50 tons
69,Boca Rosa,Boca Rosa Beauty,Stick Pele Multifuncional,BR45,Rosado Quente,BR01–BR50,#7C4730,124,71,48,"0,3161","31,61",Muito escuro,"12,00",g,Média a alta,Glow natural,Cremosa,Todos os tipos de pele,Sim,Sim,FPS 30 UVA/UVB,Vitamina E,Amostral digital — cartela visual,https://bocarosa.com.br/products/stick-pele,https://images.tcdn.com.br/img/img_prod/929629/stick_pele_multifuncional_boca_rosa_2277_3_ad044ae18d570cf3e0b4f05122e58dd3.jpg,https://images.tcdn.com.br/img/img_prod/929629/stick_pele_multifuncional_boca_rosa_2277_3_ad044ae18d570cf3e0b4f05122e58dd3.jpg,2026-08-10,Nome/subtom oficial; RGB/HEX por amostragem digital da cartela,Cor medida na representação digital; pode variar do produto físico.,Fase 2,50 tons
70,Boca Rosa,Boca Rosa Beauty,Stick Pele Multifuncional,BR46,Oliva Frio,BR01–BR50,#5A3C30,90,60,48,"0,2569","25,69",Muito escuro,"12,00",g,Média a alta,Glow natural,Cremosa,Todos os tipos de pele,Sim,Sim,FPS 30 UVA/UVB,Vitamina E,Amostral digital — cartela visual,https://bocarosa.com.br/products/stick-pele,https://images.tcdn.com.br/img/img_prod/929629/stick_pele_multifuncional_boca_rosa_2277_3_ad044ae18d570cf3e0b4f05122e58dd3.jpg,https://images.tcdn.com.br/img/img_prod/929629/stick_pele_multifuncional_boca_rosa_2277_3_ad044ae18d570cf3e0b4f05122e58dd3.jpg,2026-08-10,Nome/subtom oficial; RGB/HEX por amostragem digital da cartela,Cor medida na representação digital; pode variar do produto físico.,Fase 2,50 tons
71,Boca Rosa,Boca Rosa Beauty,Stick Pele Multifuncional,BR47,Rosado Quente,BR01–BR50,#5E392D,94,57,45,"0,2510","25,10",Muito escuro,"12,00",g,Média a alta,Glow natural,Cremosa,Todos os tipos de pele,Sim,Sim,FPS 30 UVA/UVB,Vitamina E,Amostral digital — cartela visual,https://bocarosa.com.br/products/stick-pele,https://images.tcdn.com.br/img/img_prod/929629/stick_pele_multifuncional_boca_rosa_2277_3_ad044ae18d570cf3e0b4f05122e58dd3.jpg,https://images.tcdn.com.br/img/img_prod/929629/stick_pele_multifuncional_boca_rosa_2277_3_ad044ae18d570cf3e0b4f05122e58dd3.jpg,2026-08-10,Nome/subtom oficial; RGB/HEX por amostragem digital da cartela,Cor medida na representação digital; pode variar do produto físico.,Fase 2,50 tons
72,Boca Rosa,Boca Rosa Beauty,Stick Pele Multifuncional,BR48,Oliva Neutro,BR01–BR50,#563A2E,86,58,46,"0,2474","24,74",Muito escuro,"12,00",g,Média a alta,Glow natural,Cremosa,Todos os tipos de pele,Sim,Sim,FPS 30 UVA/UVB,Vitamina E,Amostral digital — cartela visual,https://bocarosa.com.br/products/stick-pele,https://images.tcdn.com.br/img/img_prod/929629/stick_pele_multifuncional_boca_rosa_2277_3_ad044ae18d570cf3e0b4f05122e58dd3.jpg,https://images.tcdn.com.br/img/img_prod/929629/stick_pele_multifuncional_boca_rosa_2277_3_ad044ae18d570cf3e0b4f05122e58dd3.jpg,2026-08-10,Nome/subtom oficial; RGB/HEX por amostragem digital da cartela,Cor medida na representação digital; pode variar do produto físico.,Fase 2,50 tons
73,Boca Rosa,Boca Rosa Beauty,Stick Pele Multifuncional,BR49,Oliva Neutro,BR01–BR50,#492F29,73,47,41,"0,2043","20,43",Muito escuro,"12,00",g,Média a alta,Glow natural,Cremosa,Todos os tipos de pele,Sim,Sim,FPS 30 UVA/UVB,Vitamina E,Amostral digital — cartela visual,https://bocarosa.com.br/products/stick-pele,https://images.tcdn.com.br/img/img_prod/929629/stick_pele_multifuncional_boca_rosa_2277_3_ad044ae18d570cf3e0b4f05122e58dd3.jpg,https://images.tcdn.com.br/img/img_prod/929629/stick_pele_multifuncional_boca_rosa_2277_3_ad044ae18d570cf3e0b4f05122e58dd3.jpg,2026-08-10,Nome/subtom oficial; RGB/HEX por amostragem digital da cartela,Cor medida na representação digital; pode variar do produto físico.,Fase 2,50 tons
74,Boca Rosa,Boca Rosa Beauty,Stick Pele Multifuncional,BR50,Rosado Frio,BR01–BR50,#392825,57,40,37,"0,1702","17,02",Muito escuro,"12,00",g,Média a alta,Glow natural,Cremosa,Todos os tipos de pele,Sim,Sim,FPS 30 UVA/UVB,Vitamina E,Amostral digital — cartela visual,https://bocarosa.com.br/products/stick-pele,https://images.tcdn.com.br/img/img_prod/929629/stick_pele_multifuncional_boca_rosa_2277_3_ad044ae18d570cf3e0b4f05122e58dd3.jpg,https://images.tcdn.com.br/img/img_prod/929629/stick_pele_multifuncional_boca_rosa_2277_3_ad044ae18d570cf3e0b4f05122e58dd3.jpg,2026-08-10,Nome/subtom oficial; RGB/HEX por amostragem digital da cartela,Cor medida na representação digital; pode variar do produto físico.,Fase 2,50 tons
75,Bruna Tavares,BT Skin,BT Skin Base Líquida,F10,Não informado pela fonte consultada,Fair,#F9EDEA,249,237,234,"0,9386","93,86",Muito claro,"40,00",ml,Leve a média,Natural,Líquida,Não informado pela fonte consultada,Sim,Sim,Não informado pela fonte consultada,Ácido hialurônico; Vitamina E; Syn Coll,Amostral digital — cartela visual,https://www.linhabrunatavares.com/bt-skin/p,https://cdn.dooca.store/152106/products/bases-bt.jpg?v=1719953674,https://cdn.dooca.store/152106/products/bases-bt.jpg?v=1719953674,2026-08-10,Linha de 30 tons; códigos e RGB/HEX rastreados pela cartela,Subtom não atribuído sem fonte explícita; HEX é proxy digital.,Fase 2,30 tons / 5 categorias
76,Bruna Tavares,BT Skin,BT Skin Base Líquida,F20,Não informado pela fonte consultada,Fair,#F8E8D9,248,232,217,"0,9189","91,89",Muito claro,"40,00",ml,Leve a média,Natural,Líquida,Não informado pela fonte consultada,Sim,Sim,Não informado pela fonte consultada,Ácido hialurônico; Vitamina E; Syn Coll,Amostral digital — cartela visual,https://www.linhabrunatavares.com/bt-skin/p,https://cdn.dooca.store/152106/products/bases-bt.jpg?v=1719953674,https://cdn.dooca.store/152106/products/bases-bt.jpg?v=1719953674,2026-08-10,Linha de 30 tons; códigos e RGB/HEX rastreados pela cartela,Subtom não atribuído sem fonte explícita; HEX é proxy digital.,Fase 2,30 tons / 5 categorias
77,Bruna Tavares,BT Skin,BT Skin Base Líquida,F30,Não informado pela fonte consultada,Fair,#F4D5C5,244,213,197,"0,8566","85,66",Muito claro,"40,00",ml,Leve a média,Natural,Líquida,Não informado pela fonte consultada,Sim,Sim,Não informado pela fonte consultada,Ácido hialurônico; Vitamina E; Syn Coll,Amostral digital — cartela visual,https://www.linhabrunatavares.com/bt-skin/p,https://cdn.dooca.store/152106/products/bases-bt.jpg?v=1719953674,https://cdn.dooca.store/152106/products/bases-bt.jpg?v=1719953674,2026-08-10,Linha de 30 tons; códigos e RGB/HEX rastreados pela cartela,Subtom não atribuído sem fonte explícita; HEX é proxy digital.,Fase 2,30 tons / 5 categorias
78,Bruna Tavares,BT Skin,BT Skin Base Líquida,F40,Não informado pela fonte consultada,Fair,#F6DDBC,246,221,188,"0,8782","87,82",Muito claro,"40,00",ml,Leve a média,Natural,Líquida,Não informado pela fonte consultada,Sim,Sim,Não informado pela fonte consultada,Ácido hialurônico; Vitamina E; Syn Coll,Amostral digital — cartela visual,https://www.linhabrunatavares.com/bt-skin/p,https://cdn.dooca.store/152106/products/bases-bt.jpg?v=1719953674,https://cdn.dooca.store/152106/products/bases-bt.jpg?v=1719953674,2026-08-10,Linha de 30 tons; códigos e RGB/HEX rastreados pela cartela,Subtom não atribuído sem fonte explícita; HEX é proxy digital.,Fase 2,30 tons / 5 categorias
79,Bruna Tavares,BT Skin,BT Skin Base Líquida,F50,Não informado pela fonte consultada,Fair,#F2D3B4,242,211,180,"0,8445","84,45",Muito claro,"40,00",ml,Leve a média,Natural,Líquida,Não informado pela fonte consultada,Sim,Sim,Não informado pela fonte consultada,Ácido hialurônico; Vitamina E; Syn Coll,Amostral digital — cartela visual,https://www.linhabrunatavares.com/bt-skin/p,https://cdn.dooca.store/152106/products/bases-bt.jpg?v=1719953674,https://cdn.dooca.store/152106/products/bases-bt.jpg?v=1719953674,2026-08-10,Linha de 30 tons; códigos e RGB/HEX rastreados pela cartela,Subtom não atribuído sem fonte explícita; HEX é proxy digital.,Fase 2,30 tons / 5 categorias
80,Bruna Tavares,BT Skin,BT Skin Base Líquida,F60,Não informado pela fonte consultada,Fair,#F0CFA2,240,207,162,"0,8265","82,65",Muito claro,"40,00",ml,Leve a média,Natural,Líquida,Não informado pela fonte consultada,Sim,Sim,Não informado pela fonte consultada,Ácido hialurônico; Vitamina E; Syn Coll,Amostral digital — cartela visual,https://www.linhabrunatavares.com/bt-skin/p,https://cdn.dooca.store/152106/products/bases-bt.jpg?v=1719953674,https://cdn.dooca.store/152106/products/bases-bt.jpg?v=1719953674,2026-08-10,Linha de 30 tons; códigos e RGB/HEX rastreados pela cartela,Subtom não atribuído sem fonte explícita; HEX é proxy digital.,Fase 2,30 tons / 5 categorias
81,Bruna Tavares,BT Skin,BT Skin Base Líquida,L10,Não informado pela fonte consultada,Light,#F1C9AC,241,201,172,"0,8134","81,34",Muito claro,"40,00",ml,Leve a média,Natural,Líquida,Não informado pela fonte consultada,Sim,Sim,Não informado pela fonte consultada,Ácido hialurônico; Vitamina E; Syn Coll,Amostral digital — cartela visual,https://www.linhabrunatavares.com/bt-skin/p,https://cdn.dooca.store/152106/products/bases-bt.jpg?v=1719953674,https://cdn.dooca.store/152106/products/bases-bt.jpg?v=1719953674,2026-08-10,Linha de 30 tons; códigos e RGB/HEX rastreados pela cartela,Subtom não atribuído sem fonte explícita; HEX é proxy digital.,Fase 2,30 tons / 5 categorias
82,Bruna Tavares,BT Skin,BT Skin Base Líquida,L20,Não informado pela fonte consultada,Light,#EFBEA0,239,190,160,"0,7775","77,75",Muito claro,"40,00",ml,Leve a média,Natural,Líquida,Não informado pela fonte consultada,Sim,Sim,Não informado pela fonte consultada,Ácido hialurônico; Vitamina E; Syn Coll,Amostral digital — cartela visual,https://www.linhabrunatavares.com/bt-skin/p,https://cdn.dooca.store/152106/products/bases-bt.jpg?v=1719953674,https://cdn.dooca.store/152106/products/bases-bt.jpg?v=1719953674,2026-08-10,Linha de 30 tons; códigos e RGB/HEX rastreados pela cartela,Subtom não atribuído sem fonte explícita; HEX é proxy digital.,Fase 2,30 tons / 5 categorias
83,Bruna Tavares,BT Skin,BT Skin Base Líquida,L30,Não informado pela fonte consultada,Light,#EFBF9C,239,191,156,"0,7791","77,91",Muito claro,"40,00",ml,Leve a média,Natural,Líquida,Não informado pela fonte consultada,Sim,Sim,Não informado pela fonte consultada,Ácido hialurônico; Vitamina E; Syn Coll,Amostral digital — cartela visual,https://www.linhabrunatavares.com/bt-skin/p,https://cdn.dooca.store/152106/products/bases-bt.jpg?v=1719953674,https://cdn.dooca.store/152106/products/bases-bt.jpg?v=1719953674,2026-08-10,Linha de 30 tons; códigos e RGB/HEX rastreados pela cartela,Subtom não atribuído sem fonte explícita; HEX é proxy digital.,Fase 2,30 tons / 5 categorias
84,Bruna Tavares,BT Skin,BT Skin Base Líquida,L40,Não informado pela fonte consultada,Light,#F2B784,242,183,132,"0,7524","75,24",Muito claro,"40,00",ml,Leve a média,Natural,Líquida,Não informado pela fonte consultada,Sim,Sim,Não informado pela fonte consultada,Ácido hialurônico; Vitamina E; Syn Coll,Amostral digital — cartela visual,https://www.linhabrunatavares.com/bt-skin/p,https://cdn.dooca.store/152106/products/bases-bt.jpg?v=1719953674,https://cdn.dooca.store/152106/products/bases-bt.jpg?v=1719953674,2026-08-10,Linha de 30 tons; códigos e RGB/HEX rastreados pela cartela,Subtom não atribuído sem fonte explícita; HEX é proxy digital.,Fase 2,30 tons / 5 categorias
85,Bruna Tavares,BT Skin,BT Skin Base Líquida,L50,Não informado pela fonte consultada,Light,#F1A97B,241,169,123,"0,7097","70,97",Claro,"40,00",ml,Leve a média,Natural,Líquida,Não informado pela fonte consultada,Sim,Sim,Não informado pela fonte consultada,Ácido hialurônico; Vitamina E; Syn Coll,Amostral digital — cartela visual,https://www.linhabrunatavares.com/bt-skin/p,https://cdn.dooca.store/152106/products/bases-bt.jpg?v=1719953674,https://cdn.dooca.store/152106/products/bases-bt.jpg?v=1719953674,2026-08-10,Linha de 30 tons; códigos e RGB/HEX rastreados pela cartela,Subtom não atribuído sem fonte explícita; HEX é proxy digital.,Fase 2,30 tons / 5 categorias
86,Bruna Tavares,BT Skin,BT Skin Base Líquida,L60,Não informado pela fonte consultada,Light,#E6A983,230,169,131,"0,7028","70,28",Claro,"40,00",ml,Leve a média,Natural,Líquida,Não informado pela fonte consultada,Sim,Sim,Não informado pela fonte consultada,Ácido hialurônico; Vitamina E; Syn Coll,Amostral digital — cartela visual,https://www.linhabrunatavares.com/bt-skin/p,https://cdn.dooca.store/152106/products/bases-bt.jpg?v=1719953674,https://cdn.dooca.store/152106/products/bases-bt.jpg?v=1719953674,2026-08-10,Linha de 30 tons; códigos e RGB/HEX rastreados pela cartela,Subtom não atribuído sem fonte explícita; HEX é proxy digital.,Fase 2,30 tons / 5 categorias
87,Bruna Tavares,BT Skin,BT Skin Base Líquida,M10,Não informado pela fonte consultada,Medium,#E6A274,230,162,116,"0,6790","67,90",Claro,"40,00",ml,Leve a média,Natural,Líquida,Não informado pela fonte consultada,Sim,Sim,Não informado pela fonte consultada,Ácido hialurônico; Vitamina E; Syn Coll,Amostral digital — cartela visual,https://www.linhabrunatavares.com/bt-skin/p,https://cdn.dooca.store/152106/products/bases-bt.jpg?v=1719953674,https://cdn.dooca.store/152106/products/bases-bt.jpg?v=1719953674,2026-08-10,Linha de 30 tons; códigos e RGB/HEX rastreados pela cartela,Subtom não atribuído sem fonte explícita; HEX é proxy digital.,Fase 2,30 tons / 5 categorias
88,Bruna Tavares,BT Skin,BT Skin Base Líquida,M20,Não informado pela fonte consultada,Medium,#D49674,212,150,116,"0,6303","63,03",Médio,"40,00",ml,Leve a média,Natural,Líquida,Não informado pela fonte consultada,Sim,Sim,Não informado pela fonte consultada,Ácido hialurônico; Vitamina E; Syn Coll,Amostral digital — cartela visual,https://www.linhabrunatavares.com/bt-skin/p,https://cdn.dooca.store/152106/products/bases-bt.jpg?v=1719953674,https://cdn.dooca.store/152106/products/bases-bt.jpg?v=1719953674,2026-08-10,Linha de 30 tons; códigos e RGB/HEX rastreados pela cartela,Subtom não atribuído sem fonte explícita; HEX é proxy digital.,Fase 2,30 tons / 5 categorias
89,Bruna Tavares,BT Skin,BT Skin Base Líquida,M30,Não informado pela fonte consultada,Medium,#D09066,208,144,102,"0,6062","60,62",Médio,"40,00",ml,Leve a média,Natural,Líquida,Não informado pela fonte consultada,Sim,Sim,Não informado pela fonte consultada,Ácido hialurônico; Vitamina E; Syn Coll,Amostral digital — cartela visual,https://www.linhabrunatavares.com/bt-skin/p,https://cdn.dooca.store/152106/products/bases-bt.jpg?v=1719953674,https://cdn.dooca.store/152106/products/bases-bt.jpg?v=1719953674,2026-08-10,Linha de 30 tons; códigos e RGB/HEX rastreados pela cartela,Subtom não atribuído sem fonte explícita; HEX é proxy digital.,Fase 2,30 tons / 5 categorias
90,Bruna Tavares,BT Skin,BT Skin Base Líquida,M40,Não informado pela fonte consultada,Medium,#CD7C4E,205,124,78,"0,5408","54,08",Médio,"40,00",ml,Leve a média,Natural,Líquida,Não informado pela fonte consultada,Sim,Sim,Não informado pela fonte consultada,Ácido hialurônico; Vitamina E; Syn Coll,Amostral digital — cartela visual,https://www.linhabrunatavares.com/bt-skin/p,https://cdn.dooca.store/152106/products/bases-bt.jpg?v=1719953674,https://cdn.dooca.store/152106/products/bases-bt.jpg?v=1719953674,2026-08-10,Linha de 30 tons; códigos e RGB/HEX rastreados pela cartela,Subtom não atribuído sem fonte explícita; HEX é proxy digital.,Fase 2,30 tons / 5 categorias
91,Bruna Tavares,BT Skin,BT Skin Base Líquida,M50,Não informado pela fonte consultada,Medium,#D88353,216,131,83,"0,5710","57,10",Médio,"40,00",ml,Leve a média,Natural,Líquida,Não informado pela fonte consultada,Sim,Sim,Não informado pela fonte consultada,Ácido hialurônico; Vitamina E; Syn Coll,Amostral digital — cartela visual,https://www.linhabrunatavares.com/bt-skin/p,https://cdn.dooca.store/152106/products/bases-bt.jpg?v=1719953674,https://cdn.dooca.store/152106/products/bases-bt.jpg?v=1719953674,2026-08-10,Linha de 30 tons; códigos e RGB/HEX rastreados pela cartela,Subtom não atribuído sem fonte explícita; HEX é proxy digital.,Fase 2,30 tons / 5 categorias
92,Bruna Tavares,BT Skin,BT Skin Base Líquida,M60,Não informado pela fonte consultada,Medium,#BC7953,188,121,83,"0,5196","51,96",Escuro,"40,00",ml,Leve a média,Natural,Líquida,Não informado pela fonte consultada,Sim,Sim,Não informado pela fonte consultada,Ácido hialurônico; Vitamina E; Syn Coll,Amostral digital — cartela visual,https://www.linhabrunatavares.com/bt-skin/p,https://cdn.dooca.store/152106/products/bases-bt.jpg?v=1719953674,https://cdn.dooca.store/152106/products/bases-bt.jpg?v=1719953674,2026-08-10,Linha de 30 tons; códigos e RGB/HEX rastreados pela cartela,Subtom não atribuído sem fonte explícita; HEX é proxy digital.,Fase 2,30 tons / 5 categorias
93,Bruna Tavares,BT Skin,BT Skin Base Líquida,T10,Não informado pela fonte consultada,Tan,#C17548,193,117,72,"0,5094","50,94",Escuro,"40,00",ml,Leve a média,Natural,Líquida,Não informado pela fonte consultada,Sim,Sim,Não informado pela fonte consultada,Ácido hialurônico; Vitamina E; Syn Coll,Amostral digital — cartela visual,https://www.linhabrunatavares.com/bt-skin/p,https://cdn.dooca.store/152106/products/bases-bt.jpg?v=1719953674,https://cdn.dooca.store/152106/products/bases-bt.jpg?v=1719953674,2026-08-10,Linha de 30 tons; códigos e RGB/HEX rastreados pela cartela,Subtom não atribuído sem fonte explícita; HEX é proxy digital.,Fase 2,30 tons / 5 categorias
94,Bruna Tavares,BT Skin,BT Skin Base Líquida,T20,Não informado pela fonte consultada,Tan,#B3603F,179,96,63,"0,4363","43,63",Escuro,"40,00",ml,Leve a média,Natural,Líquida,Não informado pela fonte consultada,Sim,Sim,Não informado pela fonte consultada,Ácido hialurônico; Vitamina E; Syn Coll,Amostral digital — cartela visual,https://www.linhabrunatavares.com/bt-skin/p,https://cdn.dooca.store/152106/products/bases-bt.jpg?v=1719953674,https://cdn.dooca.store/152106/products/bases-bt.jpg?v=1719953674,2026-08-10,Linha de 30 tons; códigos e RGB/HEX rastreados pela cartela,Subtom não atribuído sem fonte explícita; HEX é proxy digital.,Fase 2,30 tons / 5 categorias
95,Bruna Tavares,BT Skin,BT Skin Base Líquida,T30,Não informado pela fonte consultada,Tan,#B26038,178,96,56,"0,4335","43,35",Escuro,"40,00",ml,Leve a média,Natural,Líquida,Não informado pela fonte consultada,Sim,Sim,Não informado pela fonte consultada,Ácido hialurônico; Vitamina E; Syn Coll,Amostral digital — cartela visual,https://www.linhabrunatavares.com/bt-skin/p,https://cdn.dooca.store/152106/products/bases-bt.jpg?v=1719953674,https://cdn.dooca.store/152106/products/bases-bt.jpg?v=1719953674,2026-08-10,Linha de 30 tons; códigos e RGB/HEX rastreados pela cartela,Subtom não atribuído sem fonte explícita; HEX é proxy digital.,Fase 2,30 tons / 5 categorias
96,Bruna Tavares,BT Skin,BT Skin Base Líquida,T40,Não informado pela fonte consultada,Tan,#A54B25,165,75,37,"0,3584","35,84",Muito escuro,"40,00",ml,Leve a média,Natural,Líquida,Não informado pela fonte consultada,Sim,Sim,Não informado pela fonte consultada,Ácido hialurônico; Vitamina E; Syn Coll,Amostral digital — cartela visual,https://www.linhabrunatavares.com/bt-skin/p,https://cdn.dooca.store/152106/products/bases-bt.jpg?v=1719953674,https://cdn.dooca.store/152106/products/bases-bt.jpg?v=1719953674,2026-08-10,Linha de 30 tons; códigos e RGB/HEX rastreados pela cartela,Subtom não atribuído sem fonte explícita; HEX é proxy digital.,Fase 2,30 tons / 5 categorias
97,Bruna Tavares,BT Skin,BT Skin Base Líquida,T50,Não informado pela fonte consultada,Tan,#983D18,152,61,24,"0,3046","30,46",Muito escuro,"40,00",ml,Leve a média,Natural,Líquida,Não informado pela fonte consultada,Sim,Sim,Não informado pela fonte consultada,Ácido hialurônico; Vitamina E; Syn Coll,Amostral digital — cartela visual,https://www.linhabrunatavares.com/bt-skin/p,https://cdn.dooca.store/152106/products/bases-bt.jpg?v=1719953674,https://cdn.dooca.store/152106/products/bases-bt.jpg?v=1719953674,2026-08-10,Linha de 30 tons; códigos e RGB/HEX rastreados pela cartela,Subtom não atribuído sem fonte explícita; HEX é proxy digital.,Fase 2,30 tons / 5 categorias
98,Bruna Tavares,BT Skin,BT Skin Base Líquida,T60,Não informado pela fonte consultada,Tan,#A84D22,168,77,34,"0,3657","36,57",Escuro,"40,00",ml,Leve a média,Natural,Líquida,Não informado pela fonte consultada,Sim,Sim,Não informado pela fonte consultada,Ácido hialurônico; Vitamina E; Syn Coll,Amostral digital — cartela visual,https://www.linhabrunatavares.com/bt-skin/p,https://cdn.dooca.store/152106/products/bases-bt.jpg?v=1719953674,https://cdn.dooca.store/152106/products/bases-bt.jpg?v=1719953674,2026-08-10,Linha de 30 tons; códigos e RGB/HEX rastreados pela cartela,Subtom não atribuído sem fonte explícita; HEX é proxy digital.,Fase 2,30 tons / 5 categorias
99,Bruna Tavares,BT Skin,BT Skin Base Líquida,D10,Não informado pela fonte consultada,Deep,#873B22,135,59,34,"0,2877","28,77",Muito escuro,"40,00",ml,Leve a média,Natural,Líquida,Não informado pela fonte consultada,Sim,Sim,Não informado pela fonte consultada,Ácido hialurônico; Vitamina E; Syn Coll,Amostral digital — cartela visual,https://www.linhabrunatavares.com/bt-skin/p,https://cdn.dooca.store/152106/products/bases-bt.jpg?v=1719953674,https://cdn.dooca.store/152106/products/bases-bt.jpg?v=1719953674,2026-08-10,Linha de 30 tons; códigos e RGB/HEX rastreados pela cartela,Subtom não atribuído sem fonte explícita; HEX é proxy digital.,Fase 2,30 tons / 5 categorias
100,Bruna Tavares,BT Skin,BT Skin Base Líquida,D20,Não informado pela fonte consultada,Deep,#713624,113,54,36,"0,2559","25,59",Muito escuro,"40,00",ml,Leve a média,Natural,Líquida,Não informado pela fonte consultada,Sim,Sim,Não informado pela fonte consultada,Ácido hialurônico; Vitamina E; Syn Coll,Amostral digital — cartela visual,https://www.linhabrunatavares.com/bt-skin/p,https://cdn.dooca.store/152106/products/bases-bt.jpg?v=1719953674,https://cdn.dooca.store/152106/products/bases-bt.jpg?v=1719953674,2026-08-10,Linha de 30 tons; códigos e RGB/HEX rastreados pela cartela,Subtom não atribuído sem fonte explícita; HEX é proxy digital.,Fase 2,30 tons / 5 categorias
101,Bruna Tavares,BT Skin,BT Skin Base Líquida,D30,Não informado pela fonte consultada,Deep,#5F2A1F,95,42,31,"0,2058","20,58",Muito escuro,"40,00",ml,Leve a média,Natural,Líquida,Não informado pela fonte consultada,Sim,Sim,Não informado pela fonte consultada,Ácido hialurônico; Vitamina E; Syn Coll,Amostral digital — cartela visual,https://www.linhabrunatavares.com/bt-skin/p,https://cdn.dooca.store/152106/products/bases-bt.jpg?v=1719953674,https://cdn.dooca.store/152106/products/bases-bt.jpg?v=1719953674,2026-08-10,Linha de 30 tons; códigos e RGB/HEX rastreados pela cartela,Subtom não atribuído sem fonte explícita; HEX é proxy digital.,Fase 2,30 tons / 5 categorias
102,Bruna Tavares,BT Skin,BT Skin Base Líquida,D40,Não informado pela fonte consultada,Deep,#431711,67,23,17,"0,1252","12,52",Muito escuro,"40,00",ml,Leve a média,Natural,Líquida,Não informado pela fonte consultada,Sim,Sim,Não informado pela fonte consultada,Ácido hialurônico; Vitamina E; Syn Coll,Amostral digital — cartela visual,https://www.linhabrunatavares.com/bt-skin/p,https://cdn.dooca.store/152106/products/bases-bt.jpg?v=1719953674,https://cdn.dooca.store/152106/products/bases-bt.jpg?v=1719953674,2026-08-10,Linha de 30 tons; códigos e RGB/HEX rastreados pela cartela,Subtom não atribuído sem fonte explícita; HEX é proxy digital.,Fase 2,30 tons / 5 categorias
103,Bruna Tavares,BT Skin,BT Skin Base Líquida,D50,Não informado pela fonte consultada,Deep,#40100D,64,16,13,"0,1019","10,19",Muito escuro,"40,00",ml,Leve a média,Natural,Líquida,Não informado pela fonte consultada,Sim,Sim,Não informado pela fonte consultada,Ácido hialurônico; Vitamina E; Syn Coll,Amostral digital — cartela visual,https://www.linhabrunatavares.com/bt-skin/p,https://cdn.dooca.store/152106/products/bases-bt.jpg?v=1719953674,https://cdn.dooca.store/152106/products/bases-bt.jpg?v=1719953674,2026-08-10,Linha de 30 tons; códigos e RGB/HEX rastreados pela cartela,Subtom não atribuído sem fonte explícita; HEX é proxy digital.,Fase 2,30 tons / 5 categorias
104,Bruna Tavares,BT Skin,BT Skin Base Líquida,D60,Não informado pela fonte consultada,Deep,#311410,49,20,16,"0,1015","10,15",Muito escuro,"40,00",ml,Leve a média,Natural,Líquida,Não informado pela fonte consultada,Sim,Sim,Não informado pela fonte consultada,Ácido hialurônico; Vitamina E; Syn Coll,Amostral digital — cartela visual,https://www.linhabrunatavares.com/bt-skin/p,https://cdn.dooca.store/152106/products/bases-bt.jpg?v=1719953674,https://cdn.dooca.store/152106/products/bases-bt.jpg?v=1719953674,2026-08-10,Linha de 30 tons; códigos e RGB/HEX rastreados pela cartela,Subtom não atribuído sem fonte explícita; HEX é proxy digital.,Fase 2,30 tons / 5 categorias
105,Natura,Una,Base Sérum Nude Me Una 30 ml,10N,Neutro,10–48 / F-Q-N,#E8C3A4,232,195,164,"0,7868","78,68",Muito claro,"30,00",ml,Alta e personalizável,Natural,Líquida ultraleve,"Todos os tipos, exceto pele acneica",Sim,Sim,Não informado pela fonte consultada,Não informado pela fonte consultada,Amostral digital — imagem oficial,https://www.natura.com.br/p/base-serum-nude-me-una-30-ml/NATBRA-PAI110201,https://production.na01.natura.com/on/demandware.static/-/Sites-natura-br-storefront-catalog/default/dw0b2a7f48/Produtos/NATBRA-110194_3.jpg,https://production.na01.natura.com/on/demandware.static/-/Sites-natura-br-storefront-catalog/default/dw0b2a7f48/Produtos/NATBRA-110194_3.jpg,2026-08-10,Produto e cartela rastreados em fonte oficial,RGB/HEX medidos na imagem oficial; F/Q/N utilizados como subtom.,Fase 2,24 tons
106,Natura,Una,Base Sérum Nude Me Una 30 ml,12F,Frio,10–48 / F-Q-N,#D6A988,214,169,136,"0,6909","69,09",Claro,"30,00",ml,Alta e personalizável,Natural,Líquida ultraleve,"Todos os tipos, exceto pele acneica",Sim,Sim,Não informado pela fonte consultada,Não informado pela fonte consultada,Amostral digital — imagem oficial,https://www.natura.com.br/p/base-serum-nude-me-una-30-ml/NATBRA-PAI110201,https://production.na01.natura.com/on/demandware.static/-/Sites-natura-br-storefront-catalog/default/dw0b2a7f48/Produtos/NATBRA-110194_3.jpg,https://production.na01.natura.com/on/demandware.static/-/Sites-natura-br-storefront-catalog/default/dw0b2a7f48/Produtos/NATBRA-110194_3.jpg,2026-08-10,Produto e cartela rastreados em fonte oficial,RGB/HEX medidos na imagem oficial; F/Q/N utilizados como subtom.,Fase 2,24 tons
107,Natura,Una,Base Sérum Nude Me Una 30 ml,15Q,Quente,10–48 / F-Q-N,#D8A377,216,163,119,"0,6709","67,09",Claro,"30,00",ml,Alta e personalizável,Natural,Líquida ultraleve,"Todos os tipos, exceto pele acneica",Sim,Sim,Não informado pela fonte consultada,Não informado pela fonte consultada,Amostral digital — imagem oficial,https://www.natura.com.br/p/base-serum-nude-me-una-30-ml/NATBRA-PAI110201,https://production.na01.natura.com/on/demandware.static/-/Sites-natura-br-storefront-catalog/default/dw0b2a7f48/Produtos/NATBRA-110194_3.jpg,https://production.na01.natura.com/on/demandware.static/-/Sites-natura-br-storefront-catalog/default/dw0b2a7f48/Produtos/NATBRA-110194_3.jpg,2026-08-10,Produto e cartela rastreados em fonte oficial,RGB/HEX medidos na imagem oficial; F/Q/N utilizados como subtom.,Fase 2,24 tons
108,Natura,Una,Base Sérum Nude Me Una 30 ml,16F,Frio,10–48 / F-Q-N,#CFA076,207,160,118,"0,6547","65,47",Claro,"30,00",ml,Alta e personalizável,Natural,Líquida ultraleve,"Todos os tipos, exceto pele acneica",Sim,Sim,Não informado pela fonte consultada,Não informado pela fonte consultada,Amostral digital — imagem oficial,https://www.natura.com.br/p/base-serum-nude-me-una-30-ml/NATBRA-PAI110201,https://production.na01.natura.com/on/demandware.static/-/Sites-natura-br-storefront-catalog/default/dw0b2a7f48/Produtos/NATBRA-110194_3.jpg,https://production.na01.natura.com/on/demandware.static/-/Sites-natura-br-storefront-catalog/default/dw0b2a7f48/Produtos/NATBRA-110194_3.jpg,2026-08-10,Produto e cartela rastreados em fonte oficial,RGB/HEX medidos na imagem oficial; F/Q/N utilizados como subtom.,Fase 2,24 tons
109,Natura,Una,Base Sérum Nude Me Una 30 ml,19N,Neutro,10–48 / F-Q-N,#D2A372,210,163,114,"0,6645","66,45",Claro,"30,00",ml,Alta e personalizável,Natural,Líquida ultraleve,"Todos os tipos, exceto pele acneica",Sim,Sim,Não informado pela fonte consultada,Não informado pela fonte consultada,Amostral digital — imagem oficial,https://www.natura.com.br/p/base-serum-nude-me-una-30-ml/NATBRA-PAI110201,https://production.na01.natura.com/on/demandware.static/-/Sites-natura-br-storefront-catalog/default/dw0b2a7f48/Produtos/NATBRA-110194_3.jpg,https://production.na01.natura.com/on/demandware.static/-/Sites-natura-br-storefront-catalog/default/dw0b2a7f48/Produtos/NATBRA-110194_3.jpg,2026-08-10,Produto e cartela rastreados em fonte oficial,RGB/HEX medidos na imagem oficial; F/Q/N utilizados como subtom.,Fase 2,24 tons
110,Natura,Una,Base Sérum Nude Me Una 30 ml,20N,Neutro,10–48 / F-Q-N,#C58C5F,197,140,95,"0,5838","58,38",Médio,"30,00",ml,Alta e personalizável,Natural,Líquida ultraleve,"Todos os tipos, exceto pele acneica",Sim,Sim,Não informado pela fonte consultada,Não informado pela fonte consultada,Amostral digital — imagem oficial,https://www.natura.com.br/p/base-serum-nude-me-una-30-ml/NATBRA-PAI110201,https://production.na01.natura.com/on/demandware.static/-/Sites-natura-br-storefront-catalog/default/dw0b2a7f48/Produtos/NATBRA-110194_3.jpg,https://production.na01.natura.com/on/demandware.static/-/Sites-natura-br-storefront-catalog/default/dw0b2a7f48/Produtos/NATBRA-110194_3.jpg,2026-08-10,Produto e cartela rastreados em fonte oficial,RGB/HEX medidos na imagem oficial; F/Q/N utilizados como subtom.,Fase 2,24 tons
111,Natura,Una,Base Sérum Nude Me Una 30 ml,21Q,Quente,10–48 / F-Q-N,#C78E61,199,142,97,"0,5916","59,16",Médio,"30,00",ml,Alta e personalizável,Natural,Líquida ultraleve,"Todos os tipos, exceto pele acneica",Sim,Sim,Não informado pela fonte consultada,Não informado pela fonte consultada,Amostral digital — imagem oficial,https://www.natura.com.br/p/base-serum-nude-me-una-30-ml/NATBRA-PAI110201,https://production.na01.natura.com/on/demandware.static/-/Sites-natura-br-storefront-catalog/default/dw0b2a7f48/Produtos/NATBRA-110194_3.jpg,https://production.na01.natura.com/on/demandware.static/-/Sites-natura-br-storefront-catalog/default/dw0b2a7f48/Produtos/NATBRA-110194_3.jpg,2026-08-10,Produto e cartela rastreados em fonte oficial,RGB/HEX medidos na imagem oficial; F/Q/N utilizados como subtom.,Fase 2,24 tons
112,Natura,Una,Base Sérum Nude Me Una 30 ml,23F,Frio,10–48 / F-Q-N,#C09068,192,144,104,"0,5934","59,34",Médio,"30,00",ml,Alta e personalizável,Natural,Líquida ultraleve,"Todos os tipos, exceto pele acneica",Sim,Sim,Não informado pela fonte consultada,Não informado pela fonte consultada,Amostral digital — imagem oficial,https://www.natura.com.br/p/base-serum-nude-me-una-30-ml/NATBRA-PAI110201,https://production.na01.natura.com/on/demandware.static/-/Sites-natura-br-storefront-catalog/default/dw0b2a7f48/Produtos/NATBRA-110194_3.jpg,https://production.na01.natura.com/on/demandware.static/-/Sites-natura-br-storefront-catalog/default/dw0b2a7f48/Produtos/NATBRA-110194_3.jpg,2026-08-10,Produto e cartela rastreados em fonte oficial,RGB/HEX medidos na imagem oficial; F/Q/N utilizados como subtom.,Fase 2,24 tons
113,Natura,Una,Base Sérum Nude Me Una 30 ml,24F,Frio,10–48 / F-Q-N,#C18B65,193,139,101,"0,5794","57,94",Médio,"30,00",ml,Alta e personalizável,Natural,Líquida ultraleve,"Todos os tipos, exceto pele acneica",Sim,Sim,Não informado pela fonte consultada,Não informado pela fonte consultada,Amostral digital — imagem oficial,https://www.natura.com.br/p/base-serum-nude-me-una-30-ml/NATBRA-PAI110201,https://production.na01.natura.com/on/demandware.static/-/Sites-natura-br-storefront-catalog/default/dw0b2a7f48/Produtos/NATBRA-110194_3.jpg,https://production.na01.natura.com/on/demandware.static/-/Sites-natura-br-storefront-catalog/default/dw0b2a7f48/Produtos/NATBRA-110194_3.jpg,2026-08-10,Produto e cartela rastreados em fonte oficial,RGB/HEX medidos na imagem oficial; F/Q/N utilizados como subtom.,Fase 2,24 tons
114,Natura,Una,Base Sérum Nude Me Una 30 ml,25Q,Quente,10–48 / F-Q-N,#BC7E4F,188,126,79,"0,5325","53,25",Médio,"30,00",ml,Alta e personalizável,Natural,Líquida ultraleve,"Todos os tipos, exceto pele acneica",Sim,Sim,Não informado pela fonte consultada,Não informado pela fonte consultada,Amostral digital — imagem oficial,https://www.natura.com.br/p/base-serum-nude-me-una-30-ml/NATBRA-PAI110201,https://production.na01.natura.com/on/demandware.static/-/Sites-natura-br-storefront-catalog/default/dw0b2a7f48/Produtos/NATBRA-110194_3.jpg,https://production.na01.natura.com/on/demandware.static/-/Sites-natura-br-storefront-catalog/default/dw0b2a7f48/Produtos/NATBRA-110194_3.jpg,2026-08-10,Produto e cartela rastreados em fonte oficial,RGB/HEX medidos na imagem oficial; F/Q/N utilizados como subtom.,Fase 2,24 tons
115,Natura,Una,Base Sérum Nude Me Una 30 ml,27N,Neutro,10–48 / F-Q-N,#BE865D,190,134,93,"0,5606","56,06",Médio,"30,00",ml,Alta e personalizável,Natural,Líquida ultraleve,"Todos os tipos, exceto pele acneica",Sim,Sim,Não informado pela fonte consultada,Não informado pela fonte consultada,Amostral digital — imagem oficial,https://www.natura.com.br/p/base-serum-nude-me-una-30-ml/NATBRA-PAI110201,https://production.na01.natura.com/on/demandware.static/-/Sites-natura-br-storefront-catalog/default/dw0b2a7f48/Produtos/NATBRA-110194_3.jpg,https://production.na01.natura.com/on/demandware.static/-/Sites-natura-br-storefront-catalog/default/dw0b2a7f48/Produtos/NATBRA-110194_3.jpg,2026-08-10,Produto e cartela rastreados em fonte oficial,RGB/HEX medidos na imagem oficial; F/Q/N utilizados como subtom.,Fase 2,24 tons
116,Natura,Una,Base Sérum Nude Me Una 30 ml,29N,Neutro,10–48 / F-Q-N,#BA8253,186,130,83,"0,5432","54,32",Médio,"30,00",ml,Alta e personalizável,Natural,Líquida ultraleve,"Todos os tipos, exceto pele acneica",Sim,Sim,Não informado pela fonte consultada,Não informado pela fonte consultada,Amostral digital — imagem oficial,https://www.natura.com.br/p/base-serum-nude-me-una-30-ml/NATBRA-PAI110201,https://production.na01.natura.com/on/demandware.static/-/Sites-natura-br-storefront-catalog/default/dw0b2a7f48/Produtos/NATBRA-110194_3.jpg,https://production.na01.natura.com/on/demandware.static/-/Sites-natura-br-storefront-catalog/default/dw0b2a7f48/Produtos/NATBRA-110194_3.jpg,2026-08-10,Produto e cartela rastreados em fonte oficial,RGB/HEX medidos na imagem oficial; F/Q/N utilizados como subtom.,Fase 2,24 tons
117,Natura,Una,Base Sérum Nude Me Una 30 ml,30F,Frio,10–48 / F-Q-N,#A4694B,164,105,75,"0,4525","45,25",Escuro,"30,00",ml,Alta e personalizável,Natural,Líquida ultraleve,"Todos os tipos, exceto pele acneica",Sim,Sim,Não informado pela fonte consultada,Não informado pela fonte consultada,Amostral digital — imagem oficial,https://www.natura.com.br/p/base-serum-nude-me-una-30-ml/NATBRA-PAI110201,https://production.na01.natura.com/on/demandware.static/-/Sites-natura-br-storefront-catalog/default/dw0b2a7f48/Produtos/NATBRA-110194_3.jpg,https://production.na01.natura.com/on/demandware.static/-/Sites-natura-br-storefront-catalog/default/dw0b2a7f48/Produtos/NATBRA-110194_3.jpg,2026-08-10,Produto e cartela rastreados em fonte oficial,RGB/HEX medidos na imagem oficial; F/Q/N utilizados como subtom.,Fase 2,24 tons
118,Natura,Una,Base Sérum Nude Me Una 30 ml,32N,Neutro,10–48 / F-Q-N,#A66A35,166,106,53,"0,4507","45,07",Escuro,"30,00",ml,Alta e personalizável,Natural,Líquida ultraleve,"Todos os tipos, exceto pele acneica",Sim,Sim,Não informado pela fonte consultada,Não informado pela fonte consultada,Amostral digital — imagem oficial,https://www.natura.com.br/p/base-serum-nude-me-una-30-ml/NATBRA-PAI110201,https://production.na01.natura.com/on/demandware.static/-/Sites-natura-br-storefront-catalog/default/dw0b2a7f48/Produtos/NATBRA-110194_3.jpg,https://production.na01.natura.com/on/demandware.static/-/Sites-natura-br-storefront-catalog/default/dw0b2a7f48/Produtos/NATBRA-110194_3.jpg,2026-08-10,Produto e cartela rastreados em fonte oficial,RGB/HEX medidos na imagem oficial; F/Q/N utilizados como subtom.,Fase 2,24 tons
119,Natura,Una,Base Sérum Nude Me Una 30 ml,32Q,Quente,10–48 / F-Q-N,#AF6336,175,99,54,"0,4389","43,89",Escuro,"30,00",ml,Alta e personalizável,Natural,Líquida ultraleve,"Todos os tipos, exceto pele acneica",Sim,Sim,Não informado pela fonte consultada,Não informado pela fonte consultada,Amostral digital — imagem oficial,https://www.natura.com.br/p/base-serum-nude-me-una-30-ml/NATBRA-PAI110201,https://production.na01.natura.com/on/demandware.static/-/Sites-natura-br-storefront-catalog/default/dw0b2a7f48/Produtos/NATBRA-110194_3.jpg,https://production.na01.natura.com/on/demandware.static/-/Sites-natura-br-storefront-catalog/default/dw0b2a7f48/Produtos/NATBRA-110194_3.jpg,2026-08-10,Produto e cartela rastreados em fonte oficial,RGB/HEX medidos na imagem oficial; F/Q/N utilizados como subtom.,Fase 2,24 tons
120,Natura,Una,Base Sérum Nude Me Una 30 ml,33N,Neutro,10–48 / F-Q-N,#9F5D2B,159,93,43,"0,4056","40,56",Escuro,"30,00",ml,Alta e personalizável,Natural,Líquida ultraleve,"Todos os tipos, exceto pele acneica",Sim,Sim,Não informado pela fonte consultada,Não informado pela fonte consultada,Amostral digital — imagem oficial,https://www.natura.com.br/p/base-serum-nude-me-una-30-ml/NATBRA-PAI110201,https://production.na01.natura.com/on/demandware.static/-/Sites-natura-br-storefront-catalog/default/dw0b2a7f48/Produtos/NATBRA-110194_3.jpg,https://production.na01.natura.com/on/demandware.static/-/Sites-natura-br-storefront-catalog/default/dw0b2a7f48/Produtos/NATBRA-110194_3.jpg,2026-08-10,Produto e cartela rastreados em fonte oficial,RGB/HEX medidos na imagem oficial; F/Q/N utilizados como subtom.,Fase 2,24 tons
121,Natura,Una,Base Sérum Nude Me Una 30 ml,35N,Neutro,10–48 / F-Q-N,#8F4D1C,143,77,28,"0,3431","34,31",Muito escuro,"30,00",ml,Alta e personalizável,Natural,Líquida ultraleve,"Todos os tipos, exceto pele acneica",Sim,Sim,Não informado pela fonte consultada,Não informado pela fonte consultada,Amostral digital — imagem oficial,https://www.natura.com.br/p/base-serum-nude-me-una-30-ml/NATBRA-PAI110201,https://production.na01.natura.com/on/demandware.static/-/Sites-natura-br-storefront-catalog/default/dw0b2a7f48/Produtos/NATBRA-110194_3.jpg,https://production.na01.natura.com/on/demandware.static/-/Sites-natura-br-storefront-catalog/default/dw0b2a7f48/Produtos/NATBRA-110194_3.jpg,2026-08-10,Produto e cartela rastreados em fonte oficial,RGB/HEX medidos na imagem oficial; F/Q/N utilizados como subtom.,Fase 2,24 tons
122,Natura,Una,Base Sérum Nude Me Una 30 ml,35Q,Quente,10–48 / F-Q-N,#8D4F28,141,79,40,"0,3505","35,05",Muito escuro,"30,00",ml,Alta e personalizável,Natural,Líquida ultraleve,"Todos os tipos, exceto pele acneica",Sim,Sim,Não informado pela fonte consultada,Não informado pela fonte consultada,Amostral digital — imagem oficial,https://www.natura.com.br/p/base-serum-nude-me-una-30-ml/NATBRA-PAI110201,https://production.na01.natura.com/on/demandware.static/-/Sites-natura-br-storefront-catalog/default/dw0b2a7f48/Produtos/NATBRA-110194_3.jpg,https://production.na01.natura.com/on/demandware.static/-/Sites-natura-br-storefront-catalog/default/dw0b2a7f48/Produtos/NATBRA-110194_3.jpg,2026-08-10,Produto e cartela rastreados em fonte oficial,RGB/HEX medidos na imagem oficial; F/Q/N utilizados como subtom.,Fase 2,24 tons
123,Natura,Una,Base Sérum Nude Me Una 30 ml,37Q,Quente,10–48 / F-Q-N,#9B4E2B,155,78,43,"0,3602","36,02",Escuro,"30,00",ml,Alta e personalizável,Natural,Líquida ultraleve,"Todos os tipos, exceto pele acneica",Sim,Sim,Não informado pela fonte consultada,Não informado pela fonte consultada,Amostral digital — imagem oficial,https://www.natura.com.br/p/base-serum-nude-me-una-30-ml/NATBRA-PAI110201,https://production.na01.natura.com/on/demandware.static/-/Sites-natura-br-storefront-catalog/default/dw0b2a7f48/Produtos/NATBRA-110194_3.jpg,https://production.na01.natura.com/on/demandware.static/-/Sites-natura-br-storefront-catalog/default/dw0b2a7f48/Produtos/NATBRA-110194_3.jpg,2026-08-10,Produto e cartela rastreados em fonte oficial,RGB/HEX medidos na imagem oficial; F/Q/N utilizados como subtom.,Fase 2,24 tons
124,Natura,Una,Base Sérum Nude Me Una 30 ml,40Q,Quente,10–48 / F-Q-N,#8C4B24,140,75,36,"0,3373","33,73",Muito escuro,"30,00",ml,Alta e personalizável,Natural,Líquida ultraleve,"Todos os tipos, exceto pele acneica",Sim,Sim,Não informado pela fonte consultada,Não informado pela fonte consultada,Amostral digital — imagem oficial,https://www.natura.com.br/p/base-serum-nude-me-una-30-ml/NATBRA-PAI110201,https://production.na01.natura.com/on/demandware.static/-/Sites-natura-br-storefront-catalog/default/dw0b2a7f48/Produtos/NATBRA-110194_3.jpg,https://production.na01.natura.com/on/demandware.static/-/Sites-natura-br-storefront-catalog/default/dw0b2a7f48/Produtos/NATBRA-110194_3.jpg,2026-08-10,Produto e cartela rastreados em fonte oficial,RGB/HEX medidos na imagem oficial; F/Q/N utilizados como subtom.,Fase 2,24 tons
125,Natura,Una,Base Sérum Nude Me Una 30 ml,43N,Neutro,10–48 / F-Q-N,#864B2F,134,75,47,"0,3354","33,54",Muito escuro,"30,00",ml,Alta e personalizável,Natural,Líquida ultraleve,"Todos os tipos, exceto pele acneica",Sim,Sim,Não informado pela fonte consultada,Não informado pela fonte consultada,Amostral digital — imagem oficial,https://www.natura.com.br/p/base-serum-nude-me-una-30-ml/NATBRA-PAI110201,https://production.na01.natura.com/on/demandware.static/-/Sites-natura-br-storefront-catalog/default/dw0b2a7f48/Produtos/NATBRA-110194_3.jpg,https://production.na01.natura.com/on/demandware.static/-/Sites-natura-br-storefront-catalog/default/dw0b2a7f48/Produtos/NATBRA-110194_3.jpg,2026-08-10,Produto e cartela rastreados em fonte oficial,RGB/HEX medidos na imagem oficial; F/Q/N utilizados como subtom.,Fase 2,24 tons
126,Natura,Una,Base Sérum Nude Me Una 30 ml,44N,Neutro,10–48 / F-Q-N,#73402B,115,64,43,"0,2876","28,76",Muito escuro,"30,00",ml,Alta e personalizável,Natural,Líquida ultraleve,"Todos os tipos, exceto pele acneica",Sim,Sim,Não informado pela fonte consultada,Não informado pela fonte consultada,Amostral digital — imagem oficial,https://www.natura.com.br/p/base-serum-nude-me-una-30-ml/NATBRA-PAI110201,https://production.na01.natura.com/on/demandware.static/-/Sites-natura-br-storefront-catalog/default/dw0b2a7f48/Produtos/NATBRA-110194_3.jpg,https://production.na01.natura.com/on/demandware.static/-/Sites-natura-br-storefront-catalog/default/dw0b2a7f48/Produtos/NATBRA-110194_3.jpg,2026-08-10,Produto e cartela rastreados em fonte oficial,RGB/HEX medidos na imagem oficial; F/Q/N utilizados como subtom.,Fase 2,24 tons
127,Natura,Una,Base Sérum Nude Me Una 30 ml,46Q,Quente,10–48 / F-Q-N,#763B29,118,59,41,"0,2755","27,55",Muito escuro,"30,00",ml,Alta e personalizável,Natural,Líquida ultraleve,"Todos os tipos, exceto pele acneica",Sim,Sim,Não informado pela fonte consultada,Não informado pela fonte consultada,Amostral digital — imagem oficial,https://www.natura.com.br/p/base-serum-nude-me-una-30-ml/NATBRA-PAI110201,https://production.na01.natura.com/on/demandware.static/-/Sites-natura-br-storefront-catalog/default/dw0b2a7f48/Produtos/NATBRA-110194_3.jpg,https://production.na01.natura.com/on/demandware.static/-/Sites-natura-br-storefront-catalog/default/dw0b2a7f48/Produtos/NATBRA-110194_3.jpg,2026-08-10,Produto e cartela rastreados em fonte oficial,RGB/HEX medidos na imagem oficial; F/Q/N utilizados como subtom.,Fase 2,24 tons
128,Natura,Una,Base Sérum Nude Me Una 30 ml,48F,Frio,10–48 / F-Q-N,#67341F,103,52,31,"0,2405","24,05",Muito escuro,"30,00",ml,Alta e personalizável,Natural,Líquida ultraleve,"Todos os tipos, exceto pele acneica",Sim,Sim,Não informado pela fonte consultada,Não informado pela fonte consultada,Amostral digital — imagem oficial,https://www.natura.com.br/p/base-serum-nude-me-una-30-ml/NATBRA-PAI110201,https://production.na01.natura.com/on/demandware.static/-/Sites-natura-br-storefront-catalog/default/dw0b2a7f48/Produtos/NATBRA-110194_3.jpg,https://production.na01.natura.com/on/demandware.static/-/Sites-natura-br-storefront-catalog/default/dw0b2a7f48/Produtos/NATBRA-110194_3.jpg,2026-08-10,Produto e cartela rastreados em fonte oficial,RGB/HEX medidos na imagem oficial; F/Q/N utilizados como subtom.,Fase 2,24 tons
129,Mari Maria,Velvet 2.0,Base e Corretivo Velvet Skin 2.0,BAUNILHA - 2.0,Não informado pela fonte consultada,Amostra oficial validada,#FCE5C7,252,229,199,"0,9087","90,87",Muito claro,"25,00",g,Média a alta,Aveludado,Não informado pela fonte consultada,Todos os tipos de pele,Não informado pela fonte consultada,Sim,Presente; fator não informado,Vitamina E,Oficial — hexadecimal textual do site,https://www.marimariamakeup.com/base-e-corretivo-matte-velvet-skin/p,https://www.marimariamakeup.com/face/base-e-corretivo,Não se aplica — HEX publicado em texto,2026-08-10,Pareamento nome + HEX explícito em fonte oficial,Somente pares diretamente verificáveis foram inseridos para impedir associação inventada.,Fase 2,Velvet 2.0 — amostra validada
130,Mari Maria,Velvet 2.0,Base e Corretivo Velvet Skin 2.0,BEGE CLARO 1 - 2.0,Não informado pela fonte consultada,Amostra oficial validada,#C1A18F,193,161,143,"0,6530","65,30",Claro,"25,00",g,Média a alta,Aveludado,Não informado pela fonte consultada,Todos os tipos de pele,Não informado pela fonte consultada,Sim,Presente; fator não informado,Vitamina E,Oficial — hexadecimal textual do site,https://www.marimariamakeup.com/base-e-corretivo-matte-velvet-skin/p,https://www.marimariamakeup.com/face/base-e-corretivo,Não se aplica — HEX publicado em texto,2026-08-10,Pareamento nome + HEX explícito em fonte oficial,Somente pares diretamente verificáveis foram inseridos para impedir associação inventada.,Fase 2,Velvet 2.0 — amostra validada
